run_id,cycle,machine_id,runtime_hours,temperature,vibration,rpm,load,health,health_state,rul_hours
1,1,TRAIN-SPINDLE-001,1.0,150,3.5605165355580453,4590.774803337068,0.7651291338895113,98.99301638159717,HEALTHY,115.0
1,2,TRAIN-SPINDLE-001,2.0,0,3.3365173172022855,4179.252204423216,0.696542034070536,98.24153846446939,HEALTHY,114.0
1,3,TRAIN-SPINDLE-001,3.0,150,1.8999723344535917,1968.0738865155915,0.32801231441926526,97.7029156205326,HEALTHY,113.0
1,4,TRAIN-SPINDLE-001,4.0,0,4.23064044173437,5423.6793341415,0.90394655569025,96.72841632103311,HEALTHY,112.0
1,5,TRAIN-SPINDLE-001,5.0,150,3.0116392377474646,3522.09008069868,0.58701501344978,95.91132526328784,HEALTHY,111.0
1,6,TRAIN-SPINDLE-001,6.0,0,1.9150161426694974,1815.873608750834,0.3026456014584723,95.58134024122477,HEALTHY,110.0
1,7,TRAIN-SPINDLE-001,7.0,150,2.7038129572100025,2974.3199539068605,0.49571999231781005,94.86177896935675,HEALTHY,109.0
1,8,TRAIN-SPINDLE-001,8.0,0,1.0271473937852118,405.35451337957363,0.06755908556326227,94.78364511341671,HEALTHY,108.0
1,9,TRAIN-SPINDLE-001,9.0,150,3.7849700649207705,4536.228480887409,0.7560380801479015,93.78447100190776,HEALTHY,107.0
1,10,TRAIN-SPINDLE-001,10.0,0,2.7227907525992556,2868.021454041965,0.47800357567366086,93.2655378217875,HEALTHY,106.0
1,11,TRAIN-SPINDLE-001,11.0,150,3.465734495226053,3943.5170794731425,0.6572528465788571,92.37179198038824,HEALTHY,105.0
1,12,TRAIN-SPINDLE-001,12.0,0,4.014036497721394,4698.939145111209,0.7831565241852014,91.52490986628767,HEALTHY,104.0
1,13,TRAIN-SPINDLE-001,13.0,150,4.226638847017363,4954.32651049762,0.8257210850829366,90.44975240674577,HEALTHY,103.0
1,14,TRAIN-SPINDLE-001,14.0,0,4.54415030462058,5349.956887436802,0.891659481239467,89.48573242068267,HEALTHY,102.0
1,15,TRAIN-SPINDLE-001,15.0,150,3.4576641337708898,3647.9261322075345,0.6079876887012557,88.64343762610157,HEALTHY,101.0
1,16,TRAIN-SPINDLE-001,16.0,0,3.2945973008388494,3340.1537732158918,0.556692295535982,88.03815632989098,HEALTHY,100.0
1,17,TRAIN-SPINDLE-001,17.0,150,3.2328711079739962,3202.1683867028178,0.5336947311171363,87.27503644688805,HEALTHY,99.0
1,18,TRAIN-SPINDLE-001,18.0,0,3.104523423570343,2952.412868872119,0.4920688114786865,86.73858445773772,HEALTHY,98.0
1,19,TRAIN-SPINDLE-001,19.0,150,1.8499662948821478,1030.3432766535504,0.17172387944225842,86.36336653203287,HEALTHY,97.0
1,20,TRAIN-SPINDLE-001,20.0,0,3.6754967666233553,3740.4976398374984,0.6234162733062497,85.68564176489991,HEALTHY,96.0
1,21,TRAIN-SPINDLE-001,21.0,150,1.6721702648888277,684.6785297007348,0.1141130882834558,85.3718463086308,HEALTHY,95.0
1,22,TRAIN-SPINDLE-001,22.0,0,4.047917744658626,4224.765090135249,0.7041275150225415,84.60715050680835,HEALTHY,94.0
1,23,TRAIN-SPINDLE-001,23.0,150,2.0911668214769015,1232.2865202259786,0.20538108670432978,84.19502442685211,HEALTHY,93.0
1,24,TRAIN-SPINDLE-001,24.0,0,2.9641211512088304,2510.808558827154,0.418468093137859,83.73639591667805,HEALTHY,92.0
1,25,TRAIN-SPINDLE-001,25.0,150,4.227192555309493,4371.018526715094,0.7285030877858489,82.7626471132077,HEALTHY,91.0
1,26,TRAIN-SPINDLE-001,26.0,0,4.007764228024866,3968.844875527878,0.6614741459213129,82.04274453488725,HEALTHY,90.0
1,27,TRAIN-SPINDLE-001,27.0,150,1.4837586005436183,128.84374093197133,0.02147395682199522,81.82699046409863,HEALTHY,89.0
1,28,TRAIN-SPINDLE-001,28.0,0,5.283416142762594,5812.148498951287,0.9686914164918813,80.77710184519023,HEALTHY,88.0
1,29,TRAIN-SPINDLE-001,29.0,150,3.61480202993371,3230.4856832898317,0.5384142805483053,80.00621061127414,HEALTHY,87.0
1,30,TRAIN-SPINDLE-001,30.0,0,2.1540714529191134,981.5729752242306,0.1635954958707051,79.81949276619139,DEGRADED,86.0
1,31,TRAIN-SPINDLE-001,31.0,150,4.8188132291948405,4964.6818012566155,0.8274469668761026,78.73811895318327,DEGRADED,85.0
1,32,TRAIN-SPINDLE-001,32.0,0,5.194348843490368,5446.882186724298,0.907813697787383,77.7523990196184,DEGRADED,84.0
1,33,TRAIN-SPINDLE-001,33.0,150,5.380051023807036,5651.506462181934,0.941917743696989,76.5474299139045,DEGRADED,83.0
1,34,TRAIN-SPINDLE-001,34.0,0,3.8413930246199848,3253.146780472814,0.5421911300788024,75.95319788121712,DEGRADED,82.0
1,35,TRAIN-SPINDLE-001,35.0,150,4.199766280252234,3746.139261469636,0.6243565435782726,75.08829388973297,DEGRADED,81.0
1,36,TRAIN-SPINDLE-001,36.0,0,2.965857997545272,1830.4090380478801,0.30506817300798,74.74794535738332,DEGRADED,80.0
1,37,TRAIN-SPINDLE-001,37.0,150,5.180018321858514,5126.1233845915185,0.8543538974319198,73.63581002338998,DEGRADED,79.0
1,38,TRAIN-SPINDLE-001,38.0,0,5.392179102159239,5360.954404993107,0.8934924008321846,72.66355405270907,DEGRADED,78.0
1,39,TRAIN-SPINDLE-001,39.0,150,3.965199285734081,3147.565482554302,0.5245942470923837,71.90446615659398,DEGRADED,77.0
1,40,TRAIN-SPINDLE-001,40.0,0,4.4027013312319685,3746.8869585925017,0.624481159765417,71.22020759591854,DEGRADED,76.0
1,41,TRAIN-SPINDLE-001,41.0,150,3.570271509155166,2446.9228334266395,0.40782047223777323,70.58587714259419,DEGRADED,75.0
1,42,TRAIN-SPINDLE-001,42.0,0,3.983497112049493,3019.186453768803,0.5031977422948005,70.03126128651111,DEGRADED,74.0
1,43,TRAIN-SPINDLE-001,43.0,150,3.2131900500196666,1822.129671517833,0.3036882785863055,69.50821900235759,DEGRADED,73.0
1,44,TRAIN-SPINDLE-001,44.0,0,4.3921655235467405,3551.364710496931,0.5918941184161551,68.85803212567012,DEGRADED,72.0
1,45,TRAIN-SPINDLE-001,45.0,150,5.619659221734594,5343.84124202715,0.890640207004525,67.70476627093362,DEGRADED,71.0
1,46,TRAIN-SPINDLE-001,46.0,0,5.977359274747475,5793.896382441235,0.9656493970735391,66.65287600962976,DEGRADED,70.0
1,47,TRAIN-SPINDLE-001,47.0,150,5.792992614929975,5438.454623117195,0.9064091038528659,65.48186826399544,DEGRADED,69.0
1,48,TRAIN-SPINDLE-001,48.0,0,6.122069776481747,5844.244784522279,0.9740407974203797,64.42014538303326,DEGRADED,68.0
1,49,TRAIN-SPINDLE-001,49.0,150,3.9910803342282697,2568.131405069899,0.42802190084498315,63.76160376046241,DEGRADED,67.0
1,50,TRAIN-SPINDLE-001,50.0,0,6.304693205711359,5989.160090601719,0.9981933484336198,62.673324316019354,DEGRADED,66.0
1,51,TRAIN-SPINDLE-001,51.0,150,5.039601675444546,4009.9018368682696,0.6683169728113783,61.75630020171496,DEGRADED,65.0
1,52,TRAIN-SPINDLE-001,52.0,0,4.078791118304374,2499.909192585184,0.4166515320975307,61.29125424174429,DEGRADED,64.0
1,53,TRAIN-SPINDLE-001,53.0,150,6.422448108585662,5980.516231009316,0.9967527051682192,60.02131070703516,DEGRADED,63.0
1,54,TRAIN-SPINDLE-001,54.0,0,5.600003779610237,4651.603972442993,0.7752673287404988,59.170831210959186,DEGRADED,62.0
1,55,TRAIN-SPINDLE-001,55.0,150,3.0692917783017233,791.7500082745238,0.13195833471242063,58.82800180776086,DEGRADED,61.0
1,56,TRAIN-SPINDLE-001,56.0,0,4.780408285523402,3332.712563867168,0.5554520939778613,58.21293413545288,DEGRADED,60.0
1,57,TRAIN-SPINDLE-001,57.0,150,4.603006178921664,3020.479328541462,0.503413221423577,57.47118489280217,DEGRADED,59.0
1,58,TRAIN-SPINDLE-001,58.0,0,6.161526211513853,5302.628184230943,0.8837713640384904,56.503332177472174,DEGRADED,58.0
1,59,TRAIN-SPINDLE-001,59.0,150,3.1873942626139167,768.8413072312884,0.1281402178718814,56.1636049143957,DEGRADED,57.0
1,60,TRAIN-SPINDLE-001,60.0,0,3.2397906482930954,821.9563410193208,0.13699272350322014,55.99654120651569,DEGRADED,56.0
1,61,TRAIN-SPINDLE-001,61.0,150,4.6195131667573595,2879.010340624716,0.479835056770786,55.27926438839162,DEGRADED,55.0
1,62,TRAIN-SPINDLE-001,62.0,0,5.100263476368534,3546.3400436821735,0.5910566739470289,54.624670614487385,DEGRADED,54.0
1,63,TRAIN-SPINDLE-001,63.0,150,6.06285948074726,4941.139517207445,0.8235232528679075,53.538112631063804,DEGRADED,53.0
1,64,TRAIN-SPINDLE-001,64.0,0,6.129881974931989,4960.181409727769,0.8266969016212948,52.63003302173109,DEGRADED,52.0
1,65,TRAIN-SPINDLE-001,65.0,150,4.214818127626561,2019.4796680696736,0.33657994467827895,52.06521044448764,DEGRADED,51.0
1,66,TRAIN-SPINDLE-001,66.0,0,3.8596300912123205,1444.3359201550538,0.24072265335917564,51.78531873160303,DEGRADED,50.0
1,67,TRAIN-SPINDLE-001,67.0,150,4.890232162199876,2969.2471481700404,0.49487452469500676,51.05033469459594,DEGRADED,49.0
1,68,TRAIN-SPINDLE-001,68.0,0,3.207139251893352,389.4839799347234,0.06491399665578723,50.9587032757839,DEGRADED,48.0
1,69,TRAIN-SPINDLE-001,69.0,150,3.9024008480441257,1425.5040177499807,0.2375840029583301,50.49947792267787,DEGRADED,47.0
1,70,TRAIN-SPINDLE-001,70.0,0,3.754298707399898,1168.9089053006871,0.19481815088344784,50.26825689623553,DEGRADED,46.0
1,71,TRAIN-SPINDLE-001,71.0,150,4.423051365071609,2154.6963148250784,0.3591160524708464,49.67837296625806,CRITICAL,45.0
1,72,TRAIN-SPINDLE-001,72.0,0,6.201050648587959,4777.4539453512925,0.7962423242252153,48.80153127265387,CRITICAL,44.0
1,73,TRAIN-SPINDLE-001,73.0,150,4.344991359415296,1927.6018845719846,0.32126698076199744,48.251711650522815,CRITICAL,43.0
1,74,TRAIN-SPINDLE-001,74.0,0,5.905172285350268,4226.636801814612,0.7044394669691021,47.47284039235052,CRITICAL,42.0
1,75,TRAIN-SPINDLE-001,75.0,150,4.533120929753757,2110.144424056925,0.3516907373428208,46.88988134876232,CRITICAL,41.0
1,76,TRAIN-SPINDLE-001,76.0,0,6.371000448587346,4823.241774038193,0.8038736290063655,46.003811711667865,CRITICAL,40.0
1,77,TRAIN-SPINDLE-001,77.0,150,5.2415895889050805,3062.6702617327105,0.5104450436221184,45.24996514847999,CRITICAL,39.0
1,78,TRAIN-SPINDLE-001,78.0,0,4.485278503342494,1871.6651411497403,0.3119441901916234,44.89111318533806,CRITICAL,38.0
1,79,TRAIN-SPINDLE-001,79.0,150,5.7860482765223145,3795.905903683826,0.6326509839473043,44.00572753334608,CRITICAL,37.0
1,80,TRAIN-SPINDLE-001,80.0,0,4.721364955327692,2132.4769979924936,0.35541283299874893,43.59977077100841,CRITICAL,36.0
1,81,TRAIN-SPINDLE-001,81.0,150,4.197258167346998,1315.870058846128,0.21931167647435465,43.157407333623716,CRITICAL,35.0
1,82,TRAIN-SPINDLE-001,82.0,0,3.7155726394649764,560.1645092192432,0.09336075153654053,43.032310207951355,CRITICAL,34.0
1,83,TRAIN-SPINDLE-001,83.0,150,4.933430030918146,2377.56831197357,0.39626138532892835,42.39987215812642,CRITICAL,33.0
1,84,TRAIN-SPINDLE-001,84.0,0,4.827357461544139,2171.02660417569,0.36183776736261497,41.98642282216479,CRITICAL,32.0
1,85,TRAIN-SPINDLE-001,85.0,150,7.104642097269005,5555.944857565867,0.9259908095943111,40.785207132894875,CRITICAL,31.0
1,86,TRAIN-SPINDLE-001,86.0,0,6.548446625506951,4631.560473227543,0.771926745537924,39.93113956823161,CRITICAL,30.0
1,87,TRAIN-SPINDLE-001,87.0,150,5.798060142240395,3441.925680977964,0.573654280162994,39.1072066497445,CRITICAL,29.0
1,88,TRAIN-SPINDLE-001,88.0,0,4.60456754115666,1589.8918104658276,0.26498196841097127,38.79645367649739,CRITICAL,28.0
1,89,TRAIN-SPINDLE-001,89.0,150,4.9426692906887775,2073.73796177047,0.3456229936284117,38.21677007749213,CRITICAL,27.0
1,90,TRAIN-SPINDLE-001,90.0,0,4.494141348408549,1357.4697784247328,0.2262449630707888,37.947249021838736,CRITICAL,26.0
1,91,TRAIN-SPINDLE-001,91.0,150,5.326132877095677,2585.242992281422,0.4308738320469037,37.27577656803331,CRITICAL,25.0
1,92,TRAIN-SPINDLE-001,92.0,0,4.118509593485666,723.4476328309967,0.12057460547183278,37.119286549124894,CRITICAL,24.0
1,93,TRAIN-SPINDLE-001,93.0,150,4.052896134131759,613.2906923820054,0.10221511539700091,36.80014873260516,CRITICAL,23.0
1,94,TRAIN-SPINDLE-001,94.0,0,7.178911011152547,5278.377671674207,0.8797296119457012,35.8289252531974,CRITICAL,22.0
1,95,TRAIN-SPINDLE-001,95.0,150,6.755629063028842,4570.612988533067,0.7617688314221779,34.80162011917068,CRITICAL,21.0
1,96,TRAIN-SPINDLE-001,96.0,0,6.307325990201985,3821.1104942407787,0.6368517490401298,34.09025390388539,CRITICAL,20.0
1,97,TRAIN-SPINDLE-001,97.0,150,5.865590831981168,3105.1552907631544,0.517525881793859,33.324367632354594,CRITICAL,19.0
1,98,TRAIN-SPINDLE-001,98.0,0,5.295667665522738,2192.829070710701,0.3654715117851169,32.90363544766481,CRITICAL,18.0
1,99,TRAIN-SPINDLE-001,99.0,150,4.477468528639168,933.9754515336128,0.15566257525560215,32.52557785613071,CRITICAL,17.0
1,100,TRAIN-SPINDLE-001,100.0,0,6.126593359182786,3379.3083779839826,0.5632180629973305,31.89237026430203,CRITICAL,16.0
1,101,TRAIN-SPINDLE-001,101.0,150,7.546800690154191,5462.128805053938,0.910354800842323,30.704167955461543,CRITICAL,15.0
1,102,TRAIN-SPINDLE-001,102.0,0,7.394695142936513,5144.855311064386,0.8574758851773977,29.754549252498474,CRITICAL,14.0
1,103,TRAIN-SPINDLE-001,103.0,150,7.306396072092316,4941.185302075859,0.8235308836793098,28.6587099238037,CRITICAL,13.0
1,104,TRAIN-SPINDLE-001,104.0,0,5.507490761779194,2160.639386954068,0.3601065644923447,28.241994553050215,CRITICAL,12.0
1,105,TRAIN-SPINDLE-001,105.0,150,6.534445934842906,3669.8184937431256,0.6116364156238543,27.372949209895552,CRITICAL,11.0
1,106,TRAIN-SPINDLE-001,106.0,0,4.7490075155410665,926.4824640537661,0.15441374400896102,27.176458160565474,CRITICAL,10.0
1,107,TRAIN-SPINDLE-001,107.0,150,6.711890334404327,3856.069863648901,0.6426783106081502,26.27370826812891,CRITICAL,9.0
1,108,TRAIN-SPINDLE-001,108.0,0,4.559838347184457,560.2856408863545,0.09338094014772574,26.142294167385327,CRITICAL,8.0
1,109,TRAIN-SPINDLE-001,109.0,150,4.733078670369334,810.2900681079,0.13504834468465,25.783834121466015,CRITICAL,7.0
1,110,TRAIN-SPINDLE-001,110.0,0,8.176761860794587,5948.930350301829,0.9914883917169715,24.688588423955775,CRITICAL,6.0
1,111,TRAIN-SPINDLE-001,111.0,150,4.939118241562619,1010.3214941406122,0.16838691569010203,24.293814813298898,CRITICAL,5.0
1,112,TRAIN-SPINDLE-001,112.0,0,8.267117060093153,5972.7117011371465,0.9954519501895245,23.193760733738753,CRITICAL,4.0
1,113,TRAIN-SPINDLE-001,113.0,150,7.87051822498407,5295.309392506511,0.8825515654177519,22.032147273394514,CRITICAL,3.0
1,114,TRAIN-SPINDLE-001,114.0,0,6.191461701542147,2689.603597817809,0.44826726630296815,21.51836666512451,CRITICAL,2.0
1,115,TRAIN-SPINDLE-001,115.0,150,7.7806217859575515,5034.810178820666,0.8391350298034443,20.40271347039274,CRITICAL,1.0
1,116,TRAIN-SPINDLE-001,116.0,0,6.594906836068211,3172.563764381772,0.5287606273969621,19.80195775378761,FAILED,0.0
2,1,TRAIN-SPINDLE-002,1.0,58.766075840974416,0.7501190803035143,375.1786204552713,0.06252977007587855,99.88631564527766,HEALTHY,109.0
2,2,TRAIN-SPINDLE-002,2.0,0,0.9076601309842836,602.9638698722498,0.10049397831204164,99.76660315639118,HEALTHY,108.0
2,3,TRAIN-SPINDLE-002,3.0,150,4.038527214292454,5290.286058168021,0.8817143430280034,98.53161391852629,HEALTHY,107.0
2,4,TRAIN-SPINDLE-002,4.0,0,2.1367187879156173,2344.949225762897,0.39082487096048285,98.07858512407864,HEALTHY,106.0
2,5,TRAIN-SPINDLE-002,5.0,150,4.392221814827467,5694.2266065470985,0.9490377677578498,96.7656865972253,HEALTHY,105.0
2,6,TRAIN-SPINDLE-002,6.0,0,4.250657243725397,5383.412360379993,0.8972353933966655,95.7315384758942,HEALTHY,104.0
2,7,TRAIN-SPINDLE-002,7.0,150,2.74388754799534,3045.696707685075,0.5076161179475125,94.92343416321185,HEALTHY,103.0
2,8,TRAIN-SPINDLE-002,8.0,0,3.7113874963148885,4436.338806713222,0.7393898011188703,94.06934139075923,HEALTHY,102.0
2,9,TRAIN-SPINDLE-002,9.0,150,1.9270120257732561,1695.7186429668268,0.28261977382780445,93.51832532533005,HEALTHY,101.0
2,10,TRAIN-SPINDLE-002,10.0,0,1.8262802874285682,1503.2948305426064,0.25054913842376775,93.22379075143105,HEALTHY,100.0
2,11,TRAIN-SPINDLE-002,11.0,150,3.586245762352335,4121.152949885832,0.686858824980972,92.20915361105119,HEALTHY,99.0
2,12,TRAIN-SPINDLE-002,12.0,0,2.521199464133976,2447.485717029803,0.4079142861716338,91.73369625900682,HEALTHY,98.0
2,13,TRAIN-SPINDLE-002,13.0,150,4.3774610737177,5196.218830002061,0.8660364716670101,90.51305874514728,HEALTHY,97.0
2,14,TRAIN-SPINDLE-002,14.0,0,4.335967358927917,5042.430444277921,0.8404050740463201,89.54122233317172,HEALTHY,96.0
2,15,TRAIN-SPINDLE-002,15.0,150,2.310586268337528,1931.4710774941707,0.32191184624902847,88.94314178948923,HEALTHY,95.0
2,16,TRAIN-SPINDLE-002,16.0,0,2.055404366576391,1503.8421840762783,0.25064036401271306,88.6464440496636,HEALTHY,94.0
2,17,TRAIN-SPINDLE-002,17.0,150,3.5251275415724415,3686.1746160834323,0.6143624360139054,87.71282506314765,HEALTHY,93.0
2,18,TRAIN-SPINDLE-002,18.0,0,3.7982902841399895,4025.8973059460577,0.6709828843243429,86.93387923605968,HEALTHY,92.0
2,19,TRAIN-SPINDLE-002,19.0,150,3.8153287866538292,3993.03412268522,0.6655056871142033,85.94088170065407,HEALTHY,91.0
2,20,TRAIN-SPINDLE-002,20.0,0,1.920983421838713,1077.0412603071247,0.17950687671785412,85.72434900544576,HEALTHY,90.0
2,21,TRAIN-SPINDLE-002,21.0,150,2.204346999069636,1485.8466740128863,0.24764111233548106,85.20966211740247,HEALTHY,89.0
2,22,TRAIN-SPINDLE-002,22.0,0,2.3728343414575024,1699.976170991439,0.2833293618319065,84.87382429134504,HEALTHY,88.0
2,23,TRAIN-SPINDLE-002,23.0,150,4.241580329947803,4477.907316772584,0.7463178861287639,83.78729251037655,HEALTHY,87.0
2,24,TRAIN-SPINDLE-002,24.0,0,5.199486134383928,5833.276139854134,0.972212689975689,82.66138393346138,HEALTHY,86.0
2,25,TRAIN-SPINDLE-002,25.0,150,2.6732760395657116,1959.517854358171,0.32658630905969516,82.05485104028645,HEALTHY,85.0
2,26,TRAIN-SPINDLE-002,26.0,0,3.484162534566076,3130.357629870597,0.5217262716450995,81.4444010579791,HEALTHY,84.0
2,27,TRAIN-SPINDLE-002,27.0,150,5.079952118303499,5478.258256803681,0.9130430428006135,80.16526631294738,HEALTHY,83.0
2,28,TRAIN-SPINDLE-002,28.0,0,1.646051272015915,231.47188149492607,0.03857864691582101,80.10763255964864,HEALTHY,82.0
2,29,TRAIN-SPINDLE-002,29.0,150,3.6429578700234835,3222.5092470088725,0.5370848745014788,79.2587282659948,DEGRADED,81.0
2,30,TRAIN-SPINDLE-002,30.0,0,2.6397917592317084,1654.092258797173,0.27568204313286215,78.92897628855711,DEGRADED,80.0
2,31,TRAIN-SPINDLE-002,31.0,150,5.290449418030372,5605.347348687341,0.9342245581145568,77.62443660823023,DEGRADED,79.0
2,32,TRAIN-SPINDLE-002,32.0,0,5.374026863642388,5632.873041080848,0.9388121735134748,76.5340305847371,DEGRADED,78.0
2,33,TRAIN-SPINDLE-002,33.0,150,3.1313446909873224,2187.0693303362655,0.3645115550560442,75.88127995479248,DEGRADED,77.0
2,34,TRAIN-SPINDLE-002,34.0,0,4.899736156319792,4790.700231089124,0.798450038514854,74.95093857658455,DEGRADED,76.0
2,35,TRAIN-SPINDLE-002,35.0,150,4.252216056117858,3749.644477420628,0.6249407462367713,73.99903494324623,DEGRADED,75.0
2,36,TRAIN-SPINDLE-002,36.0,0,4.861900500587086,4592.7783716240965,0.7654630619373495,73.10564830045786,DEGRADED,74.0
2,37,TRAIN-SPINDLE-002,37.0,150,5.254279012791387,5114.34214172142,0.85239035695357,71.89226687115547,DEGRADED,73.0
2,38,TRAIN-SPINDLE-002,38.0,0,2.4009707899584347,743.3762002743126,0.12389603337905211,71.73314057714911,DEGRADED,72.0
2,39,TRAIN-SPINDLE-002,39.0,150,2.3732469546020303,689.8559751892293,0.11497599586487155,71.36418681286494,DEGRADED,71.0
2,40,TRAIN-SPINDLE-002,40.0,0,2.011840841293589,120.07527290525417,0.020012545484209027,71.32386892849155,DEGRADED,70.0
2,41,TRAIN-SPINDLE-002,41.0,150,5.573412986747203,5459.409649757671,0.9099016082929452,70.04378035172311,DEGRADED,69.0
2,42,TRAIN-SPINDLE-002,42.0,0,4.650967320386474,3979.7345069589455,0.6632890844931576,69.26570101963623,DEGRADED,68.0
2,43,TRAIN-SPINDLE-002,43.0,150,3.851174062873798,2721.6886707834146,0.4536147784639024,68.50757149814214,DEGRADED,67.0
2,44,TRAIN-SPINDLE-002,44.0,0,2.4954487344373573,631.2409640166966,0.1052068273361161,68.36833927313597,DEGRADED,66.0
2,45,TRAIN-SPINDLE-002,45.0,150,5.009982149551075,4392.59866981181,0.7320997783019684,67.29067411346196,DEGRADED,65.0
2,46,TRAIN-SPINDLE-002,46.0,0,6.101697168865071,5949.346311807254,0.9915577186345423,66.1351742324746,DEGRADED,64.0
2,47,TRAIN-SPINDLE-002,47.0,150,5.877962610222669,5527.081982769599,0.9211803304615998,64.83982604628538,DEGRADED,63.0
2,48,TRAIN-SPINDLE-002,48.0,0,6.080118360967769,5733.164494923057,0.9555274158205095,63.72451257644668,DEGRADED,62.0
2,49,TRAIN-SPINDLE-002,49.0,150,3.45478011303721,1711.5086127893164,0.28525143546488607,63.15682694144322,DEGRADED,61.0
2,50,TRAIN-SPINDLE-002,50.0,0,4.959888054731398,3926.594102705339,0.6544323504508899,62.38579822969405,DEGRADED,60.0
2,51,TRAIN-SPINDLE-002,51.0,150,5.51206198131894,4697.027839205464,0.7828379732009108,61.2472974023111,DEGRADED,59.0
2,52,TRAIN-SPINDLE-002,52.0,0,4.306241205658061,2802.9091136604247,0.4671515189434041,60.690025289519085,DEGRADED,58.0
2,53,TRAIN-SPINDLE-002,53.0,150,4.383767432272266,2877.40304512233,0.47956717418705497,59.89829677002112,DEGRADED,57.0
2,54,TRAIN-SPINDLE-002,54.0,0,3.8142653968066815,1963.7703529616062,0.3272950588269344,59.50068717313935,DEGRADED,56.0
2,55,TRAIN-SPINDLE-002,55.0,150,4.8520338571709125,3490.6023237418203,0.58176705395697,58.59130682634074,DEGRADED,55.0
2,56,TRAIN-SPINDLE-002,56.0,0,4.547116164975568,2965.0222594389074,0.49417037657315127,58.00187718606904,DEGRADED,54.0
2,57,TRAIN-SPINDLE-002,57.0,150,2.7107528048427714,166.26999621933498,0.02771166603655583,57.72674615470739,DEGRADED,53.0
2,58,TRAIN-SPINDLE-002,58.0,0,4.677017038874198,3095.031519914352,0.515838586652392,57.112096661865294,DEGRADED,52.0
2,59,TRAIN-SPINDLE-002,59.0,150,5.456824792788785,4218.644438823076,0.7031074064705126,56.06259071765935,DEGRADED,51.0
2,60,TRAIN-SPINDLE-002,60.0,0,5.645904057420726,4423.55038995554,0.7372583983259232,55.193454822419895,DEGRADED,50.0
2,61,TRAIN-SPINDLE-002,61.0,150,6.291766976217759,5327.159576008131,0.8878599293346885,53.931367108840455,DEGRADED,49.0
2,62,TRAIN-SPINDLE-002,62.0,0,6.773017008095848,5954.378045306805,0.9923963408844675,52.768895119807915,DEGRADED,48.0
2,63,TRAIN-SPINDLE-002,63.0,150,4.23359016831458,2058.0523864574625,0.34300873107624374,52.130092569634186,DEGRADED,47.0
2,64,TRAIN-SPINDLE-002,64.0,0,3.182123654049829,432.94242379730724,0.07215707063288454,52.021364824817404,DEGRADED,46.0
2,65,TRAIN-SPINDLE-002,65.0,150,4.07941093560955,1770.7187652756313,0.2951197942126052,51.43710458764511,DEGRADED,45.0
2,66,TRAIN-SPINDLE-002,66.0,0,3.9065018531374243,1467.5356237795195,0.24458927062991992,51.13046512377018,DEGRADED,44.0
2,67,TRAIN-SPINDLE-002,67.0,150,6.113085231034076,4754.4127308338775,0.7924021218056463,49.975939802297674,CRITICAL,43.0
2,68,TRAIN-SPINDLE-002,68.0,0,3.9189375404412634,1376.6017958342209,0.2294336326390368,49.68601059160389,CRITICAL,42.0
2,69,TRAIN-SPINDLE-002,69.0,150,4.006744957821579,1486.5682311026596,0.24776137185044328,49.15497027173079,CRITICAL,41.0
2,70,TRAIN-SPINDLE-002,70.0,0,5.603843218254321,3842.3875977612897,0.640397932960215,48.39372419936001,CRITICAL,40.0
2,71,TRAIN-SPINDLE-002,71.0,150,5.775025068657055,4042.0669179375823,0.6736778196562637,47.37402042683071,CRITICAL,39.0
2,72,TRAIN-SPINDLE-002,72.0,0,6.603856805983382,5208.836740987375,0.8681394568312293,46.350990988819945,CRITICAL,38.0
2,73,TRAIN-SPINDLE-002,73.0,150,3.9977026688705313,1222.8783274672928,0.20381305457788215,45.86881294794031,CRITICAL,37.0
2,74,TRAIN-SPINDLE-002,74.0,0,6.564332252170192,5036.659349350812,0.839443224891802,44.87799088582505,CRITICAL,36.0
2,75,TRAIN-SPINDLE-002,75.0,150,5.918229980379434,3993.1942870060293,0.6655323811676715,43.86603951574699,CRITICAL,35.0
2,76,TRAIN-SPINDLE-002,76.0,0,3.9900554177122345,1025.0360902493758,0.17083934837489595,43.64050766348467,CRITICAL,34.0
2,77,TRAIN-SPINDLE-002,77.0,150,3.8806728678702456,844.0473765667186,0.14067456276111978,43.229464031621475,CRITICAL,33.0
2,78,TRAIN-SPINDLE-002,78.0,0,6.317463027867641,4468.404344173073,0.7447340573621788,42.34598702613632,CRITICAL,32.0
2,79,TRAIN-SPINDLE-002,79.0,150,5.514297238568822,3197.3948848134564,0.5328991474689094,41.484888366429345,CRITICAL,31.0
2,80,TRAIN-SPINDLE-002,80.0,0,6.098737504316452,4009.472883956877,0.6682454806594795,40.68827900936362,CRITICAL,30.0
2,81,TRAIN-SPINDLE-002,81.0,150,3.9586349328629535,739.5733249967018,0.12326222083278364,40.29586080541866,CRITICAL,29.0
2,82,TRAIN-SPINDLE-002,82.0,0,4.449579890347356,1446.559395927433,0.24109323265457214,39.98821459617183,CRITICAL,28.0
2,83,TRAIN-SPINDLE-002,83.0,150,5.979065821175411,3717.714826476003,0.6196191377460005,39.02667765611021,CRITICAL,27.0
2,84,TRAIN-SPINDLE-002,84.0,0,5.983927902007181,3652.892677219038,0.608815446203173,38.297066486223144,CRITICAL,26.0
2,85,TRAIN-SPINDLE-002,85.0,150,7.097247947868857,5268.151908270021,0.8780253180450034,37.038646206124284,CRITICAL,25.0
2,86,TRAIN-SPINDLE-002,86.0,0,7.202032616916947,5330.947390834742,0.8884912318057903,35.987644056687756,CRITICAL,24.0
2,87,TRAIN-SPINDLE-002,87.0,150,7.504745477629637,5706.191520696036,0.951031920116006,34.64452220628337,CRITICAL,23.0
2,88,TRAIN-SPINDLE-002,88.0,0,5.785284279663799,3026.2655849669504,0.5043775974944917,34.032620560427496,CRITICAL,22.0
2,89,TRAIN-SPINDLE-002,89.0,150,5.551323396803709,2629.4316372376256,0.4382386062062709,33.276258182896086,CRITICAL,21.0
2,90,TRAIN-SPINDLE-002,90.0,0,6.985622988427114,4724.153846357878,0.7873589743929796,32.33945635890073,CRITICAL,20.0
2,91,TRAIN-SPINDLE-002,91.0,150,5.812816151613914,2894.6834543384266,0.4824472423897378,31.531670933156565,CRITICAL,19.0
2,92,TRAIN-SPINDLE-002,92.0,0,5.541755041571921,2427.5078823446242,0.4045846470574374,31.032727086498866,CRITICAL,18.0
2,93,TRAIN-SPINDLE-002,93.0,150,6.003475610754672,3082.6679476194217,0.5137779912699036,30.18844999729084,CRITICAL,17.0
2,94,TRAIN-SPINDLE-002,94.0,0,4.45662580194413,699.0724527130069,0.11651207545216781,30.01902057416469,CRITICAL,16.0
2,95,TRAIN-SPINDLE-002,95.0,150,4.939681183905021,1410.9483189198836,0.23515805315331395,29.49357386248023,CRITICAL,15.0
2,96,TRAIN-SPINDLE-002,96.0,0,5.0157407936451746,1485.6292301537799,0.24760487169229664,29.173605054438763,CRITICAL,14.0
2,97,TRAIN-SPINDLE-002,97.0,150,6.194063080126689,3229.114999272941,0.5381858332121569,28.300521104489672,CRITICAL,13.0
2,98,TRAIN-SPINDLE-002,98.0,0,5.96412126386318,2818.7209786314957,0.46978682977191594,27.725404481819144,CRITICAL,12.0
2,99,TRAIN-SPINDLE-002,99.0,150,5.367517825887158,1880.6820749671724,0.3134470124945287,27.109209957084794,CRITICAL,11.0
2,100,TRAIN-SPINDLE-002,100.0,0,6.761787650798751,3925.872222979486,0.6543120371632477,26.32209932468345,CRITICAL,10.0
2,101,TRAIN-SPINDLE-002,101.0,150,7.11616931449849,4398.411421098993,0.7330685701831654,25.224405067975127,CRITICAL,9.0
2,102,TRAIN-SPINDLE-002,102.0,0,4.996228753592048,1136.173510486207,0.1893622517477012,24.96925887191503,CRITICAL,8.0
2,103,TRAIN-SPINDLE-002,103.0,150,5.860596700008785,2413.5894654068056,0.4022649109011343,24.250042704202627,CRITICAL,7.0
2,104,TRAIN-SPINDLE-002,104.0,0,4.9834285573398835,1043.8960388250225,0.17398267313750373,24.012082426704275,CRITICAL,6.0
2,105,TRAIN-SPINDLE-002,105.0,150,7.12091285528627,4232.275464932225,0.7053792441553708,22.945079547124255,CRITICAL,5.0
2,106,TRAIN-SPINDLE-002,106.0,0,5.4127355868117935,1589.9843462520087,0.26499739104200143,22.602233132079775,CRITICAL,4.0
2,107,TRAIN-SPINDLE-002,107.0,150,6.331527766198095,2942.4591342031244,0.49040985570052076,21.78094158367392,CRITICAL,3.0
2,108,TRAIN-SPINDLE-002,108.0,0,8.394945762655968,5975.989262759497,0.9959982104599162,20.599875771662337,CRITICAL,2.0
2,109,TRAIN-SPINDLE-002,109.0,150,4.648007539872096,267.00199268281966,0.044500332113803276,20.28867644286114,CRITICAL,1.0
2,110,TRAIN-SPINDLE-002,110.0,0,5.995172625831406,2264.409671961696,0.377401611993616,19.815824350389537,FAILED,0.0
3,1,TRAIN-SPINDLE-003,1.0,150,4.395207055859098,5842.810583788646,0.9738017639647744,98.66805295942872,HEALTHY,113.0
3,2,TRAIN-SPINDLE-003,2.0,0,3.431047714245473,4296.675543325364,0.7161125905542274,97.8464266143555,HEALTHY,112.0
3,3,TRAIN-SPINDLE-003,3.0,150,2.1534109438704614,2318.5984118823544,0.38643306864705906,97.18330960970944,HEALTHY,111.0
3,4,TRAIN-SPINDLE-003,4.0,0,3.241133378279983,3900.448288148182,0.6500747146913637,96.43632812351575,HEALTHY,110.0
3,5,TRAIN-SPINDLE-003,5.0,150,1.3742834510691189,1044.1497858673597,0.1740249643112266,96.01479750635,HEALTHY,109.0
3,6,TRAIN-SPINDLE-003,6.0,0,1.5004096921259231,1201.724351165135,0.20028739186085584,95.78019711058099,HEALTHY,108.0
3,7,TRAIN-SPINDLE-003,7.0,150,3.3501052135134337,3958.672603563725,0.6597787672606208,94.80446209748644,HEALTHY,107.0
3,8,TRAIN-SPINDLE-003,8.0,0,2.055039439212414,1942.8938161301035,0.3238156360216839,94.42846302230377,HEALTHY,106.0
3,9,TRAIN-SPINDLE-003,9.0,150,3.9624233019779567,4775.769679639718,0.7959616132732863,93.29683629801887,HEALTHY,105.0
3,10,TRAIN-SPINDLE-003,10.0,0,1.5188118100415546,1025.4804374137475,0.17091340623562457,93.09452477798742,HEALTHY,104.0
3,11,TRAIN-SPINDLE-003,11.0,150,3.954652276106624,4664.067772508992,0.7773446287514987,91.98353504467522,HEALTHY,103.0
3,12,TRAIN-SPINDLE-003,12.0,0,4.075365179215855,4761.8128971744245,0.7936354828624042,91.07054016517952,HEALTHY,102.0
3,13,TRAIN-SPINDLE-003,13.0,150,4.887104585983995,5910.947391364458,0.985157898560743,89.72167888981036,HEALTHY,101.0
3,14,TRAIN-SPINDLE-003,14.0,0,4.368535297140821,5031.928862447009,0.8386548104078348,88.7563434725504,HEALTHY,100.0
3,15,TRAIN-SPINDLE-003,15.0,150,2.4224045540120853,2040.3325914594075,0.34005543190990123,88.14207568898011,HEALTHY,99.0
3,16,TRAIN-SPINDLE-003,16.0,0,3.236774330747932,3215.8171727954063,0.5359695287992344,87.52119595450606,HEALTHY,98.0
3,17,TRAIN-SPINDLE-003,17.0,150,2.4628508447629116,2008.3659637323217,0.3347276606220536,86.91245511550997,HEALTHY,97.0
3,18,TRAIN-SPINDLE-003,18.0,0,1.9630357236875497,1212.9877191945725,0.20216461986576206,86.67167267931023,HEALTHY,96.0
3,19,TRAIN-SPINDLE-003,19.0,150,4.873433754455405,5560.526082631376,0.9267543471052294,85.3874568563958,HEALTHY,95.0
3,20,TRAIN-SPINDLE-003,20.0,0,2.0932893464323046,1293.9932838781422,0.2156655473130237,85.13060199628175,HEALTHY,94.0
3,21,TRAIN-SPINDLE-003,21.0,150,1.8680145126077625,936.8169186327751,0.15613615310546253,84.72445058509506,HEALTHY,93.0
3,22,TRAIN-SPINDLE-003,22.0,0,3.1967767490412538,2899.4989174440097,0.48324981957400165,84.16217059198932,HEALTHY,92.0
3,23,TRAIN-SPINDLE-003,23.0,150,2.6618432974812416,2054.9277406210613,0.3424879567701769,83.54308916441457,HEALTHY,91.0
3,24,TRAIN-SPINDLE-003,24.0,0,1.7300585958576202,610.8195811175228,0.10180326351958714,83.41525445274267,HEALTHY,90.0
3,25,TRAIN-SPINDLE-003,25.0,150,2.1407344346573343,1217.2457359417015,0.20287428932361692,82.95504516570533,HEALTHY,89.0
3,26,TRAIN-SPINDLE-003,26.0,0,2.365841992945007,1520.3913768454104,0.2533985628075684,82.65408274365171,HEALTHY,88.0
3,27,TRAIN-SPINDLE-003,27.0,150,3.319868188975614,2928.858489237299,0.48814308153954983,81.8682387886414,HEALTHY,87.0
3,28,TRAIN-SPINDLE-003,28.0,0,3.3523564360053593,2918.6525631561444,0.48644209385935744,81.30105044502115,HEALTHY,86.0
3,29,TRAIN-SPINDLE-003,29.0,150,4.330956587340748,4344.013664387708,0.7240022773979513,80.24565161608349,HEALTHY,85.0
3,30,TRAIN-SPINDLE-003,30.0,0,4.549969494063486,4593.3781123014915,0.7655630187169152,79.3594566537951,DEGRADED,84.0
3,31,TRAIN-SPINDLE-003,31.0,150,3.785160959410844,3379.700688150899,0.5632834480251498,78.48646609730355,DEGRADED,83.0
3,32,TRAIN-SPINDLE-003,32.0,0,2.1379484583958104,843.4076448914814,0.1405679408152469,78.31218226257091,DEGRADED,82.0
3,33,TRAIN-SPINDLE-003,33.0,150,4.264286638138009,4019.843626899833,0.6699739378166388,77.31706579427605,DEGRADED,81.0
3,34,TRAIN-SPINDLE-003,34.0,0,4.41714285333296,4174.494214570144,0.6957490357616907,76.50918058736974,DEGRADED,80.0
3,35,TRAIN-SPINDLE-003,35.0,150,4.838616655166501,4746.113526802481,0.7910189211337468,75.37523400134309,DEGRADED,79.0
3,36,TRAIN-SPINDLE-003,36.0,0,3.381501735807285,2475.395153811659,0.4125658589686098,74.88940507717162,DEGRADED,78.0
3,37,TRAIN-SPINDLE-003,37.0,150,3.869623989997798,3171.1413657845683,0.5285235609640947,74.05406710704469,DEGRADED,77.0
3,38,TRAIN-SPINDLE-003,38.0,0,3.610124418426732,2719.241660668449,0.4532069434447415,73.52130789047284,DEGRADED,76.0
3,39,TRAIN-SPINDLE-003,39.0,150,5.495422132925562,5507.231291173805,0.9178718818623008,72.2413821758913,DEGRADED,75.0
3,40,TRAIN-SPINDLE-003,40.0,0,4.848413590919533,4440.724049571148,0.7401206749285246,71.38064567197635,DEGRADED,74.0
3,41,TRAIN-SPINDLE-003,41.0,150,2.113524478732045,273.8351434962937,0.045639190582715615,71.09439084053182,DEGRADED,73.0
3,42,TRAIN-SPINDLE-003,42.0,0,5.869900138637653,5886.929520996366,0.981154920166061,69.9582897499227,DEGRADED,72.0
3,43,TRAIN-SPINDLE-003,43.0,150,2.882741477478203,1320.983947461507,0.2201639912435845,69.47238988794733,DEGRADED,71.0
3,44,TRAIN-SPINDLE-003,44.0,0,6.0245517707172205,5997.256897671881,0.9995428162786468,68.31460061358523,DEGRADED,70.0
3,45,TRAIN-SPINDLE-003,45.0,150,2.9314100509180863,1270.7101223960221,0.21178502039933703,67.83752563841357,DEGRADED,69.0
3,46,TRAIN-SPINDLE-003,46.0,0,3.0441186566350673,1403.9924078336187,0.23399873463893645,67.55197303773812,DEGRADED,68.0
3,47,TRAIN-SPINDLE-003,47.0,150,4.303445108767894,3271.5656409822,0.5452609401637,66.69429136525834,DEGRADED,67.0
3,48,TRAIN-SPINDLE-003,48.0,0,2.8934260819749875,1092.210975356856,0.18203516255947597,66.46748609140678,DEGRADED,66.0
3,49,TRAIN-SPINDLE-003,49.0,150,4.708707120791579,3798.1221380428774,0.6330203563404796,65.50924940048242,DEGRADED,65.0
3,50,TRAIN-SPINDLE-003,50.0,0,3.716028500599204,2237.236455934987,0.3728727426558312,65.06430273107699,DEGRADED,64.0
3,51,TRAIN-SPINDLE-003,51.0,150,2.586488349506641,509.5552290907364,0.08492587151512274,64.7304442162461,DEGRADED,63.0
3,52,TRAIN-SPINDLE-003,52.0,0,2.8338878310408417,855.6150627797199,0.14260251046328665,64.54773270532547,DEGRADED,62.0
3,53,TRAIN-SPINDLE-003,53.0,150,4.34316973306011,3105.834552489576,0.517639092081596,63.72021481036096,DEGRADED,61.0
3,54,TRAIN-SPINDLE-003,54.0,0,2.7234602172567692,614.2064366622261,0.10236773944370435,63.58293513456586,DEGRADED,60.0
3,55,TRAIN-SPINDLE-003,55.0,150,3.077809033444259,1135.4336852588278,0.18923894754313797,63.129468976294234,DEGRADED,59.0
3,56,TRAIN-SPINDLE-003,56.0,0,3.3224958264202646,1468.453912852464,0.244742318808744,62.82957492957765,DEGRADED,58.0
3,57,TRAIN-SPINDLE-003,57.0,150,4.790882879235052,3648.542438570901,0.6080904064284836,61.89815105276518,DEGRADED,57.0
3,58,TRAIN-SPINDLE-003,58.0,0,4.0803349574842205,2512.863765183719,0.4188106275306198,61.39921734097262,DEGRADED,56.0
3,59,TRAIN-SPINDLE-003,59.0,150,4.264446060880823,2751.610391894181,0.4586017319823635,60.63762279263525,DEGRADED,55.0
3,60,TRAIN-SPINDLE-003,60.0,0,3.4549317962340957,1480.219403798787,0.2467032339664645,60.33438631151891,DEGRADED,54.0
3,61,TRAIN-SPINDLE-003,61.0,150,3.4514837178595013,1452.30455015317,0.24205075835886167,59.819255630341885,DEGRADED,53.0
3,62,TRAIN-SPINDLE-003,62.0,0,4.718508791091809,3314.2073589133547,0.5523678931522258,59.16710134305608,DEGRADED,52.0
3,63,TRAIN-SPINDLE-003,63.0,150,6.298090487711118,5634.668332295883,0.9391113887159805,57.85658265373966,DEGRADED,51.0
3,64,TRAIN-SPINDLE-003,64.0,0,4.330067308267167,2584.344661431225,0.4307241102385375,57.34226935962456,DEGRADED,50.0
3,65,TRAIN-SPINDLE-003,65.0,150,5.8515962391191705,4828.064560650598,0.8046774267750996,56.18423771654604,DEGRADED,49.0
3,66,TRAIN-SPINDLE-003,66.0,0,5.29245476137922,3902.499970809783,0.6504166618016305,55.41866286610387,DEGRADED,48.0
3,67,TRAIN-SPINDLE-003,67.0,150,5.044765884316787,3473.5485414329714,0.5789247569054953,54.51720664310776,DEGRADED,47.0
3,68,TRAIN-SPINDLE-003,68.0,0,5.817478388290758,4565.008080669219,0.7608346801115365,53.62498014891526,DEGRADED,46.0
3,69,TRAIN-SPINDLE-003,69.0,150,5.827735273356575,4513.476421203507,0.7522460702005845,52.52508638416446,DEGRADED,45.0
3,70,TRAIN-SPINDLE-003,70.0,0,5.194762283218813,3481.524903640554,0.580254150606759,51.83789435322131,DEGRADED,44.0
3,71,TRAIN-SPINDLE-003,71.0,150,3.4584975662110864,825.5884258082278,0.13759807096803797,51.438100383878734,DEGRADED,43.0
3,72,TRAIN-SPINDLE-003,72.0,0,3.8999221598565654,1457.7407685757535,0.24295679476262558,51.13505147526875,DEGRADED,42.0
3,73,TRAIN-SPINDLE-003,73.0,150,5.019388615721682,3114.21178422768,0.51903529737128,50.299986283506215,DEGRADED,41.0
3,74,TRAIN-SPINDLE-003,74.0,0,4.301661669519833,1974.9914755427155,0.32916524592378593,49.898127137190976,CRITICAL,40.0
3,75,TRAIN-SPINDLE-003,75.0,150,6.666103433176522,5491.514685054105,0.9152524475090176,48.610699801919665,CRITICAL,39.0
3,76,TRAIN-SPINDLE-003,76.0,0,5.883057755501055,4220.389118395557,0.7033981863992594,47.78134662198242,CRITICAL,38.0
3,77,TRAIN-SPINDLE-003,77.0,150,3.5980041821357003,730.6072698522324,0.1217678783087054,47.39780299032651,CRITICAL,37.0
3,78,TRAIN-SPINDLE-003,78.0,0,5.234626680825662,3156.775245512981,0.5261292075854969,46.77005403007607,CRITICAL,36.0
3,79,TRAIN-SPINDLE-003,79.0,150,6.737705610656529,5364.3124682405,0.8940520780400832,45.50541297301236,CRITICAL,35.0
3,80,TRAIN-SPINDLE-003,80.0,0,6.983695482916518,5638.449197350706,0.9397415328917843,44.40517483965939,CRITICAL,34.0
3,81,TRAIN-SPINDLE-003,81.0,150,5.766584105702912,3730.2642715288225,0.6217107119214704,43.45003913825409,CRITICAL,33.0
3,82,TRAIN-SPINDLE-003,82.0,0,6.447177920734143,4679.5198164702715,0.7799199694117119,42.53113559232672,CRITICAL,32.0
3,83,TRAIN-SPINDLE-003,83.0,150,5.736862818457373,3545.129397110564,0.5908548995184273,41.61035321641317,CRITICAL,31.0
3,84,TRAIN-SPINDLE-003,84.0,0,4.265667023091252,1269.277025867867,0.21154617097797782,41.33875887696167,CRITICAL,30.0
3,85,TRAIN-SPINDLE-003,85.0,150,4.204990555594465,1157.8927491638224,0.19298212486063707,40.87114797982923,CRITICAL,29.0
3,86,TRAIN-SPINDLE-003,86.0,0,4.239422279403167,1174.4695175919433,0.1957449195986572,40.617243863646245,CRITICAL,28.0
3,87,TRAIN-SPINDLE-003,87.0,150,6.962156968978437,5239.528743241124,0.8732547905401873,39.37358647170056,CRITICAL,27.0
3,88,TRAIN-SPINDLE-003,88.0,0,4.004084804331014,709.1461918740625,0.11819103197901042,39.207453421396565,CRITICAL,26.0
3,89,TRAIN-SPINDLE-003,89.0,150,4.123560231768175,875.8993542570042,0.1459832257095007,38.792489852682,CRITICAL,25.0
3,90,TRAIN-SPINDLE-003,90.0,0,6.162011513169272,3902.454008705058,0.650409001450843,38.01920186572281,CRITICAL,24.0
3,91,TRAIN-SPINDLE-003,91.0,150,5.342860877286093,2615.7314558583503,0.4359552426430584,37.27305084241639,CRITICAL,23.0
3,92,TRAIN-SPINDLE-003,92.0,0,4.298495146031328,993.2215322282216,0.16553692203803694,37.05199586244365,CRITICAL,22.0
3,93,TRAIN-SPINDLE-003,93.0,150,4.295078983266016,971.5181645822986,0.16191969409704976,36.61790266069757,CRITICAL,21.0
3,94,TRAIN-SPINDLE-003,94.0,0,4.011447387781608,513.5137812247302,0.0855856302041217,36.48772657458716,CRITICAL,20.0
3,95,TRAIN-SPINDLE-003,95.0,150,4.102385391759551,640.157580733363,0.10669293012222716,36.11635882953682,CRITICAL,19.0
3,96,TRAIN-SPINDLE-003,96.0,0,7.4082488999709515,5571.10026217169,0.9285167103619483,35.02475184119685,CRITICAL,18.0
3,97,TRAIN-SPINDLE-003,97.0,150,4.260826944405427,768.0968046979048,0.12801613411631746,34.62841933943849,CRITICAL,17.0
3,98,TRAIN-SPINDLE-003,98.0,0,7.511955461730813,5615.064643054106,0.9358441071756844,33.527796159982024,CRITICAL,16.0
3,99,TRAIN-SPINDLE-003,99.0,150,6.156453052820349,3499.264291229175,0.5832107152048625,32.611733124150284,CRITICAL,15.0
3,100,TRAIN-SPINDLE-003,100.0,0,7.508906920970507,5459.240365767031,0.9098733942945052,31.539829375872916,CRITICAL,14.0
3,101,TRAIN-SPINDLE-003,101.0,150,4.531329552805467,912.4815323986675,0.1520802553997779,31.114508866881412,CRITICAL,13.0
3,102,TRAIN-SPINDLE-003,102.0,0,6.655438222336287,4066.745498520537,0.6777909164200895,30.306587835329086,CRITICAL,12.0
3,103,TRAIN-SPINDLE-003,103.0,150,7.525991649824013,5311.981562385698,0.8853302603976164,29.044582692715622,CRITICAL,11.0
3,104,TRAIN-SPINDLE-003,104.0,0,7.654637501521158,5410.299954235409,0.9017166590392348,27.980396402630515,CRITICAL,10.0
3,105,TRAIN-SPINDLE-003,105.0,150,7.8223747854743735,5582.09190840885,0.930348651401475,26.666023225581124,CRITICAL,9.0
3,106,TRAIN-SPINDLE-003,106.0,0,7.458409002247037,4937.56524528914,0.8229275408815233,25.690625395302117,CRITICAL,8.0
3,107,TRAIN-SPINDLE-003,107.0,150,6.22767433436125,3018.308406189535,0.5030514010315892,24.862489673168948,CRITICAL,7.0
3,108,TRAIN-SPINDLE-003,108.0,0,5.846459891388498,2384.3765625704186,0.3973960937617364,24.371531610857254,CRITICAL,6.0
3,109,TRAIN-SPINDLE-003,109.0,150,4.436569907408259,232.7197319266834,0.038786621987780566,24.072219003629595,CRITICAL,5.0
3,110,TRAIN-SPINDLE-003,110.0,0,5.701828048228581,2108.158497615091,0.3513597496025152,23.633406066883047,CRITICAL,4.0
3,111,TRAIN-SPINDLE-003,111.0,150,6.702558519676885,3576.3432345315573,0.5960572057552596,22.698300893301898,CRITICAL,3.0
3,112,TRAIN-SPINDLE-003,112.0,0,7.995372503953763,5445.431322928286,0.9075718871547144,21.62462006433648,CRITICAL,2.0
3,113,TRAIN-SPINDLE-003,113.0,150,8.218261562876716,5699.23884914031,0.949873141523385,20.285160847865065,CRITICAL,1.0
3,114,TRAIN-SPINDLE-003,114.0,0,5.5242309604739175,1557.7335043007558,0.2596222507167926,19.949276254900745,FAILED,0.0
4,1,TRAIN-SPINDLE-004,1.0,150,4.2618361224548575,5642.754183682286,0.9404590306137143,98.75386755199914,HEALTHY,119.0
4,2,TRAIN-SPINDLE-004,2.0,0,3.3170207397930866,4132.071176089566,0.6886785293482609,97.98637920857661,HEALTHY,118.0
4,3,TRAIN-SPINDLE-004,3.0,150,2.0253455529819075,2136.9967701161067,0.35616612835268446,97.38667107620681,HEALTHY,117.0
4,4,TRAIN-SPINDLE-004,4.0,0,3.3420918754572093,4067.1381439013244,0.6778563573168874,96.63061097472229,HEALTHY,116.0
4,5,TRAIN-SPINDLE-004,5.0,150,1.8335189835159815,1747.574298378144,0.291262383063024,96.102244500006,HEALTHY,115.0
4,6,TRAIN-SPINDLE-004,6.0,0,4.276794647947804,5372.860309422154,0.8954767182370257,95.10458986712892,HEALTHY,114.0
4,7,TRAIN-SPINDLE-004,7.0,150,1.914827861317373,1755.0860320107286,0.2925143386684548,94.57421149464523,HEALTHY,113.0
4,8,TRAIN-SPINDLE-004,8.0,0,2.4826009405448546,2566.9672729156737,0.4278278788192789,94.09396788597293,HEALTHY,112.0
4,9,TRAIN-SPINDLE-004,9.0,150,3.3603256179236483,3847.5360183334424,0.6412560030555737,93.17685781680838,HEALTHY,111.0
4,10,TRAIN-SPINDLE-004,10.0,0,1.1192310708326576,417.110942509615,0.06951849041826916,93.09295823951118,HEALTHY,110.0
4,11,TRAIN-SPINDLE-004,11.0,150,4.344309873502432,5248.4366782169855,0.8747394463694976,91.91679743244121,HEALTHY,109.0
4,12,TRAIN-SPINDLE-004,12.0,0,1.1039796509044468,299.72928378976144,0.04995488063162691,91.85405328621584,HEALTHY,108.0
4,13,TRAIN-SPINDLE-004,13.0,150,4.890379963630323,5974.623941911674,0.995770656985279,90.54331299574277,HEALTHY,107.0
4,14,TRAIN-SPINDLE-004,14.0,0,1.9741411545246184,1501.960206467635,0.2503267010779392,90.25804487057795,HEALTHY,106.0
4,15,TRAIN-SPINDLE-004,15.0,150,3.9006719103353653,4370.361230796394,0.7283935384660657,89.2428372372054,HEALTHY,105.0
4,16,TRAIN-SPINDLE-004,16.0,0,1.5144278822924795,714.8546162291249,0.11914243603818747,89.10235550598112,HEALTHY,104.0
4,17,TRAIN-SPINDLE-004,17.0,150,4.272166737500428,4840.926769199226,0.8068211281998711,87.99979653390265,HEALTHY,103.0
4,18,TRAIN-SPINDLE-004,18.0,0,4.920466035176868,5730.683792808001,0.9551139654680002,86.93276017904681,HEALTHY,102.0
4,19,TRAIN-SPINDLE-004,19.0,150,4.531050689413606,5066.53304754892,0.8444221745914867,85.787660086684,HEALTHY,101.0
4,20,TRAIN-SPINDLE-004,20.0,0,3.9238428029124433,4069.838710869965,0.6783064518116608,85.02635052536051,HEALTHY,100.0
4,21,TRAIN-SPINDLE-004,21.0,150,2.2344286429705558,1478.6192538578723,0.24643654230964537,84.5428867507909,HEALTHY,99.0
4,22,TRAIN-SPINDLE-004,22.0,0,2.297809752998228,1537.4311358066595,0.25623852263444324,84.24861208927689,HEALTHY,98.0
4,23,TRAIN-SPINDLE-004,23.0,150,1.4079198032729439,180.52561160518226,0.030087601934197045,84.0044897855319,HEALTHY,97.0
4,24,TRAIN-SPINDLE-004,24.0,0,2.925653007308239,2438.8162448772514,0.40646937414620854,83.54357673038089,HEALTHY,96.0
4,25,TRAIN-SPINDLE-004,25.0,150,2.135023786087519,1218.3039339098452,0.20305065565164088,83.10756623595344,HEALTHY,95.0
4,26,TRAIN-SPINDLE-004,26.0,0,1.7493968049153832,607.1626750695829,0.10119377917826382,82.98445412546945,HEALTHY,94.0
4,27,TRAIN-SPINDLE-004,27.0,150,2.670149626770239,1979.0584995655677,0.3298430832609279,82.40776060694779,HEALTHY,93.0
4,28,TRAIN-SPINDLE-004,28.0,0,1.80822508098056,642.919666991924,0.10715327783198733,82.27776024074684,HEALTHY,92.0
4,29,TRAIN-SPINDLE-004,29.0,150,2.4453005537497052,1588.7828486805709,0.2647971414467618,81.77283175377336,HEALTHY,91.0
4,30,TRAIN-SPINDLE-004,30.0,0,2.629415717206346,1827.0859573425212,0.3045143262237535,81.42394509113133,HEALTHY,90.0
4,31,TRAIN-SPINDLE-004,31.0,150,3.1509163713971677,2583.1704389306014,0.43052840648843355,80.73507847116997,HEALTHY,89.0
4,32,TRAIN-SPINDLE-004,32.0,0,3.3394292546593873,2814.274767326829,0.46904579455447154,80.20350740781458,HEALTHY,88.0
4,33,TRAIN-SPINDLE-004,33.0,150,4.4806260042162265,4486.202061910433,0.7477003436517389,79.16279444284179,DEGRADED,87.0
4,34,TRAIN-SPINDLE-004,34.0,0,5.24168018194132,5549.729856125115,0.9249549760208524,78.1255470667718,DEGRADED,86.0
4,35,TRAIN-SPINDLE-004,35.0,150,5.0505627003640186,5185.260080553913,0.8642100134256522,76.95491967371007,DEGRADED,85.0
4,36,TRAIN-SPINDLE-004,36.0,0,3.324359276630326,2508.1578904737444,0.4180263150789574,76.4783169930467,DEGRADED,84.0
4,37,TRAIN-SPINDLE-004,37.0,150,1.7610177979436639,127.40047139399891,0.02123341189899982,76.24082024221698,DEGRADED,83.0
4,38,TRAIN-SPINDLE-004,38.0,0,4.157755479126381,3704.694736855846,0.6174491228093076,75.54301492840371,DEGRADED,82.0
4,39,TRAIN-SPINDLE-004,39.0,150,3.6930745991142446,2955.338018301645,0.4925563363836075,74.78302823058759,DEGRADED,81.0
4,40,TRAIN-SPINDLE-004,40.0,0,5.265171884725209,5256.484944381882,0.8760808240636471,73.79812716098577,DEGRADED,80.0
4,41,TRAIN-SPINDLE-004,41.0,150,4.952935344244299,4714.262553440381,0.7857104255733969,72.71268502155442,DEGRADED,79.0
4,42,TRAIN-SPINDLE-004,42.0,0,4.554714568841938,4035.5232298794886,0.6725872049799148,71.95235552972682,DEGRADED,78.0
4,43,TRAIN-SPINDLE-004,43.0,150,5.238043159353808,5003.491403760222,0.833915233960037,70.81275861353494,DEGRADED,77.0
4,44,TRAIN-SPINDLE-004,44.0,0,3.293198459795022,2000.7545857076532,0.3334590976179422,70.42731928434758,DEGRADED,76.0
4,45,TRAIN-SPINDLE-004,45.0,150,3.692071181579359,2570.1557186951068,0.4283592864491845,69.73635136574441,DEGRADED,75.0
4,46,TRAIN-SPINDLE-004,46.0,0,2.1026585808627076,134.2142237248921,0.022369037287482015,69.69508042628011,DEGRADED,74.0
4,47,TRAIN-SPINDLE-004,47.0,150,4.222506060106552,3310.8901221308356,0.5518150203551393,68.86705479100515,DEGRADED,73.0
4,48,TRAIN-SPINDLE-004,48.0,0,4.573970679116109,3775.98512799955,0.6293308546665917,68.15306727729904,DEGRADED,72.0
4,49,TRAIN-SPINDLE-004,49.0,150,2.8986293477406155,1209.4240674083512,0.20157067790139185,67.71239238639244,DEGRADED,71.0
4,50,TRAIN-SPINDLE-004,50.0,0,3.6982539951571085,2375.810421715096,0.3959684036191826,67.25643863443807,DEGRADED,70.0
4,51,TRAIN-SPINDLE-004,51.0,150,3.5648300279910465,2141.4779395694245,0.35691298992823745,66.64331641257148,DEGRADED,69.0
4,52,TRAIN-SPINDLE-004,52.0,0,5.187495695082369,4529.492273566414,0.7549153789277356,65.78930211259284,DEGRADED,68.0
4,53,TRAIN-SPINDLE-004,53.0,150,4.022480735034453,2717.918760996142,0.4529864601660236,65.06915380320936,DEGRADED,67.0
4,54,TRAIN-SPINDLE-004,54.0,0,5.80402468774863,5336.223566863648,0.8893705944772746,64.06555229108503,DEGRADED,66.0
4,55,TRAIN-SPINDLE-004,55.0,150,2.9303534995544482,950.4466711630497,0.15840777852717494,63.671016784044426,DEGRADED,65.0
4,56,TRAIN-SPINDLE-004,56.0,0,3.096326010835314,1169.8152750563027,0.1949692125093838,63.436064092954524,DEGRADED,64.0
4,57,TRAIN-SPINDLE-004,57.0,150,4.155836212371169,2741.459125528344,0.456909854254724,62.71060578424434,DEGRADED,63.0
4,58,TRAIN-SPINDLE-004,58.0,0,3.9928226892940746,2442.5294677594375,0.4070882446265729,62.24028536009728,DEGRADED,62.0
4,59,TRAIN-SPINDLE-004,59.0,150,3.7414592754223572,2030.2103151408317,0.3383683858568053,61.64565130039079,DEGRADED,61.0
4,60,TRAIN-SPINDLE-004,60.0,0,3.374568335622614,1435.27635096323,0.23921272516053835,61.36085838820926,DEGRADED,60.0
4,61,TRAIN-SPINDLE-004,61.0,150,3.579289732804348,1720.9989783222165,0.28683316305370277,60.82295214285044,DEGRADED,59.0
4,62,TRAIN-SPINDLE-004,62.0,0,3.0966677939018803,956.7231015666038,0.15945385026110062,60.62617496412618,DEGRADED,58.0
4,63,TRAIN-SPINDLE-004,63.0,150,4.3262202964713925,2786.293567016551,0.4643822611694252,59.89128820462837,DEGRADED,57.0
4,64,TRAIN-SPINDLE-004,64.0,0,4.797416680044584,3437.9716354140037,0.5729952725690006,59.236029891363245,DEGRADED,56.0
4,65,TRAIN-SPINDLE-004,65.0,150,3.217895808068268,1019.5459539546455,0.1699243256591076,58.826758819996776,DEGRADED,55.0
4,66,TRAIN-SPINDLE-004,66.0,0,3.6427878962430458,1626.1887558643268,0.27103145931072115,58.50556418294232,DEGRADED,54.0
4,67,TRAIN-SPINDLE-004,67.0,150,5.642523471545802,4601.702521039377,0.7669504201732295,57.434639674916205,DEGRADED,53.0
4,68,TRAIN-SPINDLE-004,68.0,0,4.513946054196053,2828.517056912795,0.47141950948546585,56.890895447840926,DEGRADED,52.0
4,69,TRAIN-SPINDLE-004,69.0,150,2.784569335403785,193.67116169374657,0.03227852694895776,56.63314063461096,DEGRADED,51.0
4,70,TRAIN-SPINDLE-004,70.0,0,4.405678940984225,2606.0039590721594,0.43433399317869326,56.130149512409176,DEGRADED,50.0
4,71,TRAIN-SPINDLE-004,71.0,150,3.014754841052043,481.893475008753,0.0803155791681255,55.81887017238012,DEGRADED,49.0
4,72,TRAIN-SPINDLE-004,72.0,0,4.780189433997775,3106.699413925171,0.5177832356541952,55.22310483017742,DEGRADED,48.0
4,73,TRAIN-SPINDLE-004,73.0,150,6.283541766495833,5317.045512007056,0.8861742520011759,54.018765933623605,DEGRADED,47.0
4,74,TRAIN-SPINDLE-004,74.0,0,5.092844391347008,3440.674032042282,0.573445672007047,53.36060334995401,DEGRADED,46.0
4,75,TRAIN-SPINDLE-004,75.0,150,6.585662879620948,5630.539570677973,0.9384232617796621,52.097622869696636,DEGRADED,45.0
4,76,TRAIN-SPINDLE-004,76.0,0,6.350938964961047,5183.7301626688195,0.8639550271114699,51.116862349476115,DEGRADED,44.0
4,77,TRAIN-SPINDLE-004,77.0,150,5.548433589036774,3906.4150597658704,0.6510691766276451,50.171278657376696,DEGRADED,43.0
4,78,TRAIN-SPINDLE-004,78.0,0,3.2170494971966757,338.42014509826566,0.05640335751637761,50.084292571796794,DEGRADED,42.0
4,79,TRAIN-SPINDLE-004,79.0,150,6.495015984900741,5248.845920235872,0.8748076533726453,48.89044017865191,CRITICAL,41.0
4,80,TRAIN-SPINDLE-004,80.0,0,3.150461960585822,142.4759542776255,0.02374599237960425,48.83910559009342,CRITICAL,40.0
4,81,TRAIN-SPINDLE-004,81.0,150,6.998659832552173,5910.922668085265,0.9851537780142109,47.522507519174866,CRITICAL,39.0
4,82,TRAIN-SPINDLE-004,82.0,0,4.059400838758588,1403.2893220759972,0.2338815536793329,47.2378354648192,CRITICAL,38.0
4,83,TRAIN-SPINDLE-004,83.0,150,5.7401917031024565,3903.1252145151248,0.6505208690858542,46.29127033850854,CRITICAL,37.0
4,84,TRAIN-SPINDLE-004,84.0,0,6.815729042711139,5445.438839454849,0.9075731399091415,45.259813718199894,CRITICAL,36.0
4,85,TRAIN-SPINDLE-004,85.0,150,5.268792116883282,3047.6742041899156,0.5079457006983192,44.470375714253706,CRITICAL,35.0
4,86,TRAIN-SPINDLE-004,86.0,0,4.060495216468321,1176.0210032715097,0.19600350054525162,44.22641285310693,CRITICAL,34.0
4,87,TRAIN-SPINDLE-004,87.0,150,4.8602177244198455,2357.307550612788,0.39288459176879803,43.56401024696787,CRITICAL,33.0
4,88,TRAIN-SPINDLE-004,88.0,0,5.608218101524157,3429.6279208088263,0.5716046534681377,42.903604856971356,CRITICAL,32.0
4,89,TRAIN-SPINDLE-004,89.0,150,4.912913967554141,2337.1413156040635,0.3895235526006773,42.24438362168932,CRITICAL,31.0
4,90,TRAIN-SPINDLE-004,90.0,0,6.655878916639724,4902.147146586284,0.8170245244310473,41.311574441159486,CRITICAL,30.0
4,91,TRAIN-SPINDLE-004,91.0,150,5.968234124029628,3800.719269131403,0.6334532115219005,40.381488619637906,CRITICAL,29.0
4,92,TRAIN-SPINDLE-004,92.0,0,7.254827581821779,5660.853019205512,0.9434755032009188,39.307840638670065,CRITICAL,28.0
4,93,TRAIN-SPINDLE-004,93.0,150,6.549513459577584,4522.3582372666315,0.7537263728777719,38.243701792804686,CRITICAL,27.0
4,94,TRAIN-SPINDLE-004,94.0,0,4.155597947771266,851.6745561172505,0.1419457593528751,38.057070867158075,CRITICAL,26.0
4,95,TRAIN-SPINDLE-004,95.0,150,6.999056286215429,5102.864744359998,0.850477457393333,36.88524393037664,CRITICAL,25.0
4,96,TRAIN-SPINDLE-004,96.0,0,6.832298227245006,4764.840635645756,0.7941401059409594,35.97558984647076,CRITICAL,24.0
4,97,TRAIN-SPINDLE-004,97.0,150,5.586983931736507,2828.645136090067,0.4714408560150111,35.222787248712,CRITICAL,23.0
4,98,TRAIN-SPINDLE-004,98.0,0,5.257989943193742,2278.6939584440133,0.37978232640733556,34.77145608459874,CRITICAL,22.0
4,99,TRAIN-SPINDLE-004,99.0,150,5.19496335604832,2150.3042404173857,0.35838404006956426,34.14339870291109,CRITICAL,21.0
4,100,TRAIN-SPINDLE-004,100.0,0,5.106177062175346,1970.020495981352,0.32833674933022533,33.74861414552961,CRITICAL,20.0
4,101,TRAIN-SPINDLE-004,101.0,150,5.494081648968727,2522.2685343678127,0.4203780890613021,33.0514640543215,CRITICAL,19.0
4,102,TRAIN-SPINDLE-004,102.0,0,6.920534676388783,4609.661818657288,0.7682769697762146,32.16888951054234,CRITICAL,18.0
4,103,TRAIN-SPINDLE-004,103.0,150,7.471080077879433,5369.286830109826,0.8948811383516377,30.945462745922935,CRITICAL,17.0
4,104,TRAIN-SPINDLE-004,104.0,0,4.413386759443906,690.9898451100784,0.11516497418501306,30.78550886717714,CRITICAL,16.0
4,105,TRAIN-SPINDLE-004,105.0,150,4.993626000761436,1549.3521661804402,0.2582253610300734,30.266769410802386,CRITICAL,15.0
4,106,TRAIN-SPINDLE-004,106.0,0,5.146461182931306,1739.6994802071388,0.28994991336785647,29.912919941558563,CRITICAL,14.0
4,107,TRAIN-SPINDLE-004,107.0,150,6.466385514151256,3693.0472668437747,0.6155078778072958,28.998044216793815,CRITICAL,13.0
4,108,TRAIN-SPINDLE-004,108.0,0,5.157587902432076,1661.2351699076507,0.2768725283179418,28.658161529477738,CRITICAL,12.0
4,109,TRAIN-SPINDLE-004,109.0,150,5.950369497904266,2824.916361567229,0.47081939359453817,27.903050190970085,CRITICAL,11.0
4,110,TRAIN-SPINDLE-004,110.0,0,7.457907990358217,5029.590749860082,0.8382651249766804,26.94083768182621,CRITICAL,10.0
4,111,TRAIN-SPINDLE-004,111.0,150,5.32658524361373,1760.44069155756,0.29340678192626,26.381551340956843,CRITICAL,9.0
4,112,TRAIN-SPINDLE-004,112.0,0,4.442967695900084,393.06789442188796,0.06551131573698132,26.274731840646872,CRITICAL,8.0
4,113,TRAIN-SPINDLE-004,113.0,150,6.6757130718812565,3734.1744958703994,0.6223624159783999,25.350772842627833,CRITICAL,7.0
4,114,TRAIN-SPINDLE-004,114.0,0,7.244855425290394,4518.591101132678,0.7530985168554464,24.481858048243026,CRITICAL,6.0
4,115,TRAIN-SPINDLE-004,115.0,150,7.3980732337505195,4683.249204244005,0.7805415340406676,23.381942158736905,CRITICAL,5.0
4,116,TRAIN-SPINDLE-004,116.0,0,7.395148987413442,4596.369143025432,0.7660615238375721,22.497861205623803,CRITICAL,4.0
4,117,TRAIN-SPINDLE-004,117.0,150,5.778343384730938,2104.854667518193,0.35080911125303216,21.87316776012967,CRITICAL,3.0
4,118,TRAIN-SPINDLE-004,118.0,0,8.138918066172126,5598.8646812679135,0.9331441135446523,20.80338348088607,CRITICAL,2.0
4,119,TRAIN-SPINDLE-004,119.0,150,5.315639872054384,1283.7135691480314,0.2139522615246719,20.329598841318937,CRITICAL,1.0
4,120,TRAIN-SPINDLE-004,120.0,0,8.141773458767267,5487.380101249821,0.9145633502083034,19.27976512432835,FAILED,0.0
5,1,TRAIN-SPINDLE-005,1.0,150,4.125113158700257,5437.6697380503865,0.9062782896750644,98.7215321985091,HEALTHY,108.0
5,2,TRAIN-SPINDLE-005,2.0,0,1.2858203199543945,1082.845394819774,0.1804742324699623,98.507569917929,HEALTHY,107.0
5,3,TRAIN-SPINDLE-005,3.0,150,1.890051004985754,1973.1442513233062,0.32885737522055103,97.89633123279225,HEALTHY,106.0
5,4,TRAIN-SPINDLE-005,4.0,0,4.46965204974068,5796.702917070438,0.966117152845073,96.77321489487242,HEALTHY,105.0
5,5,TRAIN-SPINDLE-005,5.0,150,0.8282936005786887,250.43151798346477,0.04173858633057746,96.49329378562322,HEALTHY,104.0
5,6,TRAIN-SPINDLE-005,6.0,0,4.488716702537458,5720.072087727928,0.9533453479546548,95.38430365958851,HEALTHY,103.0
5,7,TRAIN-SPINDLE-005,7.0,150,2.416078321635297,2527.940256922083,0.4213233761536805,94.66466631721856,HEALTHY,102.0
5,8,TRAIN-SPINDLE-005,8.0,0,1.3167827758334278,825.0241375415337,0.13750402292358896,94.49853722907183,HEALTHY,101.0
5,9,TRAIN-SPINDLE-005,9.0,150,3.41313868337092,3957.098317236767,0.6595163862061278,93.50296727665985,HEALTHY,100.0
5,10,TRAIN-SPINDLE-005,10.0,0,3.458159945526019,3949.962464038517,0.6583270773397528,92.73385284284602,HEALTHY,99.0
5,11,TRAIN-SPINDLE-005,11.0,150,1.0432163801556118,269.86353344686927,0.044977255574478216,92.44832200279625,HEALTHY,98.0
5,12,TRAIN-SPINDLE-005,12.0,0,3.424723517144149,3820.709425925942,0.6367849043209903,91.70363941494978,HEALTHY,97.0
5,13,TRAIN-SPINDLE-005,13.0,150,2.9625695242260113,3071.6272424602503,0.5119378737433751,90.87748795247091,HEALTHY,96.0
5,14,TRAIN-SPINDLE-005,14.0,0,3.0900545516541587,3200.893423916557,0.5334822373194261,90.25157354294882,HEALTHY,95.0
5,15,TRAIN-SPINDLE-005,15.0,150,3.743937966243605,4134.774965086569,0.6891291608477614,89.21979048100248,HEALTHY,94.0
5,16,TRAIN-SPINDLE-005,16.0,0,1.1207807570512824,122.65542165210941,0.020442570275351568,89.18655750070539,HEALTHY,93.0
5,17,TRAIN-SPINDLE-005,17.0,150,4.8881134850581045,5771.162040140061,0.9618603400233436,87.83880794718567,HEALTHY,92.0
5,18,TRAIN-SPINDLE-005,18.0,0,2.203889341054327,1643.744607620416,0.27395743460340266,87.51169071599756,HEALTHY,91.0
5,19,TRAIN-SPINDLE-005,19.0,150,3.6831449599396975,3838.0942436093633,0.6396823739348939,86.53584003382242,HEALTHY,90.0
5,20,TRAIN-SPINDLE-005,20.0,0,3.955600139042575,4173.588211100544,0.695598035183424,85.72039918005221,HEALTHY,89.0
5,21,TRAIN-SPINDLE-005,21.0,150,4.580222020957067,5049.362969939516,0.8415604949899194,84.51020450783292,HEALTHY,88.0
5,22,TRAIN-SPINDLE-005,22.0,0,3.968895067993373,4041.607940077529,0.6736013233462548,83.7192733298566,HEALTHY,87.0
5,23,TRAIN-SPINDLE-005,23.0,150,3.544467262892368,3345.6463940777976,0.5576077323462996,82.83661094017701,HEALTHY,86.0
5,24,TRAIN-SPINDLE-005,24.0,0,4.449106635098372,4636.405773160833,0.7727342955268054,81.93023802536798,HEALTHY,85.0
5,25,TRAIN-SPINDLE-005,25.0,150,3.1785794651812367,2662.6370496744535,0.44377284161240893,81.17842604524124,HEALTHY,84.0
5,26,TRAIN-SPINDLE-005,26.0,0,3.5529504390476188,3167.8076119645207,0.5279679353274201,80.55441570260022,HEALTHY,83.0
5,27,TRAIN-SPINDLE-005,27.0,150,2.6146608443826067,1713.5724442689268,0.2855954073781545,79.9849369198182,DEGRADED,82.0
5,28,TRAIN-SPINDLE-005,28.0,0,4.428853642210251,4392.150732301741,0.7320251220502902,79.12433779001762,DEGRADED,81.0
5,29,TRAIN-SPINDLE-005,29.0,150,3.539272552424582,2993.2341628881954,0.4988723604813659,78.30749633373398,DEGRADED,80.0
5,30,TRAIN-SPINDLE-005,30.0,0,5.484132115536745,5849.2603983351655,0.9748767330558609,77.16521064735996,DEGRADED,79.0
5,31,TRAIN-SPINDLE-005,31.0,150,1.8719936523850074,345.3812771295077,0.05756354618825128,76.85793863995032,DEGRADED,78.0
5,32,TRAIN-SPINDLE-005,32.0,0,1.9408179019654672,425.5722509444746,0.07092870849074577,76.76060415257204,DEGRADED,77.0
5,33,TRAIN-SPINDLE-005,33.0,150,5.240968305520578,5368.497769723771,0.8947496282872951,75.48475082015503,DEGRADED,76.0
5,34,TRAIN-SPINDLE-005,34.0,0,4.800402891894582,4611.9606493535,0.7686601082255834,74.57969898908489,DEGRADED,75.0
5,35,TRAIN-SPINDLE-005,35.0,150,2.771508219277044,1500.7397530969329,0.25012329218282214,74.04849539811669,DEGRADED,74.0
5,36,TRAIN-SPINDLE-005,36.0,0,4.4850536152408536,4031.217577720032,0.671869596286672,73.25474105331729,DEGRADED,73.0
5,37,TRAIN-SPINDLE-005,37.0,150,3.6595059726944807,2733.3645380405183,0.45556075634008636,72.4852914222863,DEGRADED,72.0
5,38,TRAIN-SPINDLE-005,38.0,0,5.459959390710549,5376.335942737296,0.896055990456216,71.43149375794323,DEGRADED,71.0
5,39,TRAIN-SPINDLE-005,39.0,150,4.401128493933953,3709.0547727466715,0.6181757954577786,70.47310201117487,DEGRADED,70.0
5,40,TRAIN-SPINDLE-005,40.0,0,5.793841108800573,5726.244314038974,0.954374052339829,69.35091806180849,DEGRADED,69.0
5,41,TRAIN-SPINDLE-005,41.0,150,4.070037486318916,3056.37508411401,0.509395847352335,68.5173950461532,DEGRADED,68.0
5,42,TRAIN-SPINDLE-005,42.0,0,3.1341398112466696,1590.014345331494,0.26500239088858235,68.19172279729007,DEGRADED,67.0
5,43,TRAIN-SPINDLE-005,43.0,150,5.87817486710542,5681.641510454884,0.9469402517424806,66.85154614688076,DEGRADED,66.0
5,44,TRAIN-SPINDLE-005,44.0,0,6.1004377348668495,5914.522563316331,0.9857537605527218,65.69139374986176,DEGRADED,65.0
5,45,TRAIN-SPINDLE-005,45.0,150,2.755008512019972,809.3672992695899,0.134894549878265,65.28937776635054,DEGRADED,64.0
5,46,TRAIN-SPINDLE-005,46.0,0,4.923583443861753,4032.078498268921,0.6720130830448202,64.49141660317767,DEGRADED,63.0
5,47,TRAIN-SPINDLE-005,47.0,150,3.0262404243618946,1126.2168817811669,0.18770281363019448,64.02776235768327,DEGRADED,62.0
5,48,TRAIN-SPINDLE-005,48.0,0,4.310697525387301,3018.128464907196,0.503021410817866,63.42469618608326,DEGRADED,61.0
5,49,TRAIN-SPINDLE-005,49.0,150,3.669735600205202,2011.4556142640479,0.3352426023773413,62.789886763116805,DEGRADED,60.0
5,50,TRAIN-SPINDLE-005,50.0,0,4.63336579070778,3409.290193295429,0.5682150322159049,62.11083838418697,DEGRADED,59.0
5,51,TRAIN-SPINDLE-005,51.0,150,2.7536572966899633,538.7988238489673,0.0897998039748279,61.759332835262,DEGRADED,58.0
5,52,TRAIN-SPINDLE-005,52.0,0,4.540100587054264,3192.100843226045,0.5320168072043409,61.12168044855382,DEGRADED,57.0
5,53,TRAIN-SPINDLE-005,53.0,150,5.315399533119368,4307.225333320589,0.7178708888867649,60.04321259778091,DEGRADED,56.0
5,54,TRAIN-SPINDLE-005,54.0,0,3.280318712056487,1173.7190129182984,0.19561983548638306,59.79388754039068,DEGRADED,55.0
5,55,TRAIN-SPINDLE-005,55.0,150,6.395923856832616,5828.427350778225,0.9714045584630375,58.421538224181454,DEGRADED,54.0
5,56,TRAIN-SPINDLE-005,56.0,0,5.367596113216621,4183.009536638539,0.6971682561064232,57.591311085238125,DEGRADED,53.0
5,57,TRAIN-SPINDLE-005,57.0,150,3.2016861056193355,871.8774898218625,0.1453129149703104,57.173507099971914,DEGRADED,52.0
5,58,TRAIN-SPINDLE-005,58.0,0,6.318905448027408,5516.371204539007,0.919395200756501,56.08564858581274,DEGRADED,51.0
5,59,TRAIN-SPINDLE-005,59.0,150,2.8863059365537316,285.88254876655316,0.047647091461092195,55.78012256265219,DEGRADED,50.0
5,60,TRAIN-SPINDLE-005,60.0,0,4.769529946466397,3087.8041118985107,0.5146340186497518,55.15981890548438,DEGRADED,49.0
5,61,TRAIN-SPINDLE-005,61.0,150,5.134908909011353,3589.349781428358,0.598224963571393,54.21699818754512,DEGRADED,48.0
5,62,TRAIN-SPINDLE-005,62.0,0,4.294542774847438,2258.089026337041,0.3763481710561735,53.75593220992649,DEGRADED,47.0
5,63,TRAIN-SPINDLE-005,63.0,150,5.044055053924851,3347.7774966317643,0.557962916105294,52.85903598253817,DEGRADED,46.0
5,64,TRAIN-SPINDLE-005,64.0,0,5.825551236198576,4452.754552988226,0.7421257588313711,51.97423919515051,DEGRADED,45.0
5,65,TRAIN-SPINDLE-005,65.0,150,4.848097296532525,2920.2138844350757,0.48670231407251263,51.15894999007138,DEGRADED,44.0
5,66,TRAIN-SPINDLE-005,66.0,0,6.652259116469588,5565.309923959734,0.927551653993289,50.05888200122102,DEGRADED,43.0
5,67,TRAIN-SPINDLE-005,67.0,150,3.9491874819400277,1428.1973730016184,0.23803289550026974,49.53035149499872,CRITICAL,42.0
5,68,TRAIN-SPINDLE-005,68.0,0,3.169234163141825,218.62760683764148,0.03643793447294025,49.46030633759865,CRITICAL,41.0
5,69,TRAIN-SPINDLE-005,69.0,150,6.503082588909265,5214.146858683797,0.8690244764472995,48.20161550398055,CRITICAL,40.0
5,70,TRAIN-SPINDLE-005,70.0,0,3.3509508221347706,391.5473960006972,0.06525789933344953,48.097620566426166,CRITICAL,39.0
5,71,TRAIN-SPINDLE-005,71.0,150,7.008075699120054,5869.435091162044,0.9782391818603406,46.71196962699879,CRITICAL,38.0
5,72,TRAIN-SPINDLE-005,72.0,0,6.6349310421281125,5205.794285217077,0.8676323808695129,45.67916027673094,CRITICAL,37.0
5,73,TRAIN-SPINDLE-005,73.0,150,3.958425933530259,1113.5759210502083,0.1855959868417014,45.209264394144974,CRITICAL,36.0
5,74,TRAIN-SPINDLE-005,74.0,0,6.490138403697223,4875.902435106709,0.8126504058511183,44.23936086517061,CRITICAL,35.0
5,75,TRAIN-SPINDLE-005,75.0,150,5.679208325535274,3586.7645531907074,0.5977940921984513,43.29200061255197,CRITICAL,34.0
5,76,TRAIN-SPINDLE-005,76.0,0,7.074166931982065,5608.150443914494,0.9346917406524157,42.18004424227943,CRITICAL,33.0
5,77,TRAIN-SPINDLE-005,77.0,150,5.381984000441716,2986.4793188335307,0.4977465531389218,41.34746152614003,CRITICAL,32.0
5,78,TRAIN-SPINDLE-005,78.0,0,4.245662805748944,1219.5538230839186,0.20325897051398645,41.080675174392354,CRITICAL,31.0
5,79,TRAIN-SPINDLE-005,79.0,150,6.1350964149184275,4033.695260457068,0.6722825434095113,40.045695018518465,CRITICAL,30.0
5,80,TRAIN-SPINDLE-005,80.0,0,6.451993189238655,4431.416910246869,0.7385694850411448,39.15910068615266,CRITICAL,29.0
5,81,TRAIN-SPINDLE-005,81.0,150,5.16278046630563,2431.1032509198935,0.4051838751533156,38.432193947895854,CRITICAL,28.0
5,82,TRAIN-SPINDLE-005,82.0,0,4.56637568055883,1481.978066930434,0.24699634448840566,38.11347055071399,CRITICAL,27.0
5,83,TRAIN-SPINDLE-005,83.0,150,6.575727890004872,4472.102126310858,0.745350354385143,36.992602118631,CRITICAL,26.0
5,84,TRAIN-SPINDLE-005,84.0,0,4.9752115470938545,1987.2624795381066,0.3312104132563511,36.57580201582361,CRITICAL,25.0
5,85,TRAIN-SPINDLE-005,85.0,150,3.9371197848215775,398.8648284191369,0.06647747140318949,36.239493930891285,CRITICAL,24.0
5,86,TRAIN-SPINDLE-005,86.0,0,5.363628223674605,2513.4043803287545,0.4189007300547924,35.72091275245976,CRITICAL,23.0
5,87,TRAIN-SPINDLE-005,87.0,150,3.882967392533782,253.5195452351552,0.04225325753919253,35.41223105254042,CRITICAL,22.0
5,88,TRAIN-SPINDLE-005,88.0,0,7.326882451985324,5396.241006918517,0.8993735011530862,34.33749302411832,CRITICAL,21.0
5,89,TRAIN-SPINDLE-005,89.0,150,5.776583145994251,2990.1866958002497,0.4983644493000416,33.500577567614535,CRITICAL,20.0
5,90,TRAIN-SPINDLE-005,90.0,0,5.514496779308075,2534.288486533202,0.42238141442220034,32.97670664784805,CRITICAL,19.0
5,91,TRAIN-SPINDLE-005,91.0,150,5.3683249189741,2275.740377049753,0.37929006284162553,32.276899824394846,CRITICAL,18.0
5,92,TRAIN-SPINDLE-005,92.0,0,4.43140126036105,817.8693773711882,0.13631156289519802,32.08336873843526,CRITICAL,17.0
5,93,TRAIN-SPINDLE-005,93.0,150,5.307484507675946,2117.479416896564,0.3529132361494273,31.41366054509094,CRITICAL,16.0
5,94,TRAIN-SPINDLE-005,94.0,0,6.306741050184187,3566.1361161581017,0.5943560193596836,30.689899420389274,CRITICAL,15.0
5,95,TRAIN-SPINDLE-005,95.0,150,4.218613138803869,379.66216473499975,0.06327702745583329,30.354578027945323,CRITICAL,14.0
5,96,TRAIN-SPINDLE-005,96.0,0,7.164804374112356,4773.799913264434,0.7956333188774056,29.397505688891822,CRITICAL,13.0
5,97,TRAIN-SPINDLE-005,97.0,150,6.21419680401236,3276.108132685427,0.5460180221142378,28.503189155135416,CRITICAL,12.0
5,98,TRAIN-SPINDLE-005,98.0,0,4.789100393333436,1071.3897766353098,0.17856496277255163,28.25904154920453,CRITICAL,11.0
5,99,TRAIN-SPINDLE-005,99.0,150,4.878442221171419,1187.0914479474675,0.19784857465791125,27.766936360236055,CRITICAL,10.0
5,100,TRAIN-SPINDLE-005,100.0,0,7.322804787003237,4816.72740752256,0.8027879012537599,26.800394375105036,CRITICAL,9.0
5,101,TRAIN-SPINDLE-005,101.0,150,7.419104604497456,4888.686484879061,0.8147810808131769,25.593994575284636,CRITICAL,8.0
5,102,TRAIN-SPINDLE-005,102.0,0,4.668283043481244,671.974158368214,0.11199569306136901,25.425507256664318,CRITICAL,7.0
5,103,TRAIN-SPINDLE-005,103.0,150,6.602725094005378,3561.0006852578904,0.5935001142096484,24.474434564112073,CRITICAL,6.0
5,104,TRAIN-SPINDLE-005,104.0,0,5.7056580800624515,2144.069712402083,0.35734495206701383,24.021628962287856,CRITICAL,5.0
5,105,TRAIN-SPINDLE-005,105.0,150,6.7624896438938435,3695.356638012353,0.6158927730020588,23.044006454379698,CRITICAL,4.0
5,106,TRAIN-SPINDLE-005,106.0,0,8.32046298252205,5958.994957861553,0.9931658263102588,21.85507059895606,CRITICAL,3.0
5,107,TRAIN-SPINDLE-005,107.0,150,5.2293531737580965,1233.160055558849,0.20552667592647486,21.351129609039326,CRITICAL,2.0
5,108,TRAIN-SPINDLE-005,108.0,0,8.020026176826796,5381.373985918143,0.8968956643196906,20.272770950565572,CRITICAL,1.0
5,109,TRAIN-SPINDLE-005,109.0,150,4.8038305743950325,476.2036828849677,0.07936728048082795,19.91403181506013,FAILED,0.0
6,1,TRAIN-SPINDLE-006,1.0,150,2.372541014706173,2808.81152205926,0.4681352536765433,99.19108466588588,HEALTHY,104.0
6,2,TRAIN-SPINDLE-006,2.0,0,1.8200488103639192,1919.40456548732,0.31990076091455333,98.80365579759189,HEALTHY,103.0
6,3,TRAIN-SPINDLE-006,3.0,150,3.6942782908031546,4701.691621024123,0.7836152701706872,97.61740545124611,HEALTHY,102.0
6,4,TRAIN-SPINDLE-006,4.0,0,4.328939390588995,5564.714494726951,0.9274524157878251,96.50367029406694,HEALTHY,101.0
6,5,TRAIN-SPINDLE-006,5.0,150,4.210076585316792,5302.890150030209,0.8838150250050348,95.19661270129232,HEALTHY,100.0
6,6,TRAIN-SPINDLE-006,6.0,0,2.908398029515802,3252.342996870627,0.5420571661451045,94.54189125873368,HEALTHY,99.0
6,7,TRAIN-SPINDLE-006,7.0,150,1.715701535384191,1414.1941474813127,0.2356990245802188,94.0078097106599,HEALTHY,98.0
6,8,TRAIN-SPINDLE-006,8.0,0,1.8491359256617639,1574.2896167921383,0.2623816027986897,93.68647211452321,HEALTHY,97.0
6,9,TRAIN-SPINDLE-006,9.0,150,1.3281043533567554,768.6419386243741,0.128106989770729,93.28044494810906,HEALTHY,96.0
6,10,TRAIN-SPINDLE-006,10.0,0,4.7567634535624475,5881.178551451851,0.980196425241975,92.10155234279223,HEALTHY,95.0
6,11,TRAIN-SPINDLE-006,11.0,150,4.410206767900062,5272.926577559511,0.8788210962599186,90.79825339925435,HEALTHY,94.0
6,12,TRAIN-SPINDLE-006,12.0,0,1.2121694216401657,378.1231374043249,0.06302052290072081,90.71337859754045,HEALTHY,93.0
6,13,TRAIN-SPINDLE-006,13.0,150,3.3919457809373763,3641.4220662215985,0.6069036777035998,89.73409911994777,HEALTHY,92.0
6,14,TRAIN-SPINDLE-006,14.0,0,4.636645659898644,5435.0259238440485,0.9058376539740081,88.64222700096254,HEALTHY,91.0
6,15,TRAIN-SPINDLE-006,15.0,150,3.4950322983763855,3640.7154726367685,0.6067859121061281,87.66205075568578,HEALTHY,90.0
6,16,TRAIN-SPINDLE-006,16.0,0,4.573780975404977,5185.325269783899,0.8642208782973165,86.61883816319857,HEALTHY,89.0
6,17,TRAIN-SPINDLE-006,17.0,150,3.7451947310360856,3864.2049587940214,0.6440341597990036,85.59316781819408,HEALTHY,88.0
6,18,TRAIN-SPINDLE-006,18.0,0,2.288618379055677,1602.415154948071,0.26706919249134514,85.26201772761279,HEALTHY,87.0
6,19,TRAIN-SPINDLE-006,19.0,150,4.203940782582503,4450.562503444713,0.7417604172407855,84.11896631783803,HEALTHY,86.0
6,20,TRAIN-SPINDLE-006,20.0,0,4.116473263138201,4233.632368545154,0.7056053947575257,83.26339242039326,HEALTHY,85.0
6,21,TRAIN-SPINDLE-006,21.0,150,5.132508838980017,5693.5176899995195,0.9489196149999198,81.8719572854805,HEALTHY,84.0
6,22,TRAIN-SPINDLE-006,22.0,0,3.201672803405574,2692.906001519398,0.4488176669198997,81.32190530457902,HEALTHY,83.0
6,23,TRAIN-SPINDLE-006,23.0,150,3.573502863490307,3209.3971930788875,0.5348995321798146,80.42390678683807,HEALTHY,82.0
6,24,TRAIN-SPINDLE-006,24.0,0,2.9598690168509947,2221.596534289348,0.3702660890482246,79.96693319827192,DEGRADED,81.0
6,25,TRAIN-SPINDLE-006,25.0,150,2.5650447689354334,1595.0871432735441,0.26584785721225734,79.38954860045196,DEGRADED,80.0
6,26,TRAIN-SPINDLE-006,26.0,0,3.8627659534492103,3498.3650752077124,0.583060845867952,78.67794447137553,DEGRADED,79.0
6,27,TRAIN-SPINDLE-006,27.0,150,2.1167492096864016,825.9696498827666,0.13766160831379443,78.25299001703107,DEGRADED,78.0
6,28,TRAIN-SPINDLE-006,28.0,0,5.4611446958633705,5810.691295072386,0.968448549178731,77.08059937697725,DEGRADED,77.0
6,29,TRAIN-SPINDLE-006,29.0,150,2.9739155395080874,1991.9182625354247,0.33198637708923745,76.42278864093647,DEGRADED,76.0
6,30,TRAIN-SPINDLE-006,30.0,0,3.656924012753924,2967.0951672011215,0.4945158612001869,75.81543600763798,DEGRADED,75.0
6,31,TRAIN-SPINDLE-006,31.0,150,3.9933696314179916,3426.2121476998364,0.5710353579499727,74.87152720048161,DEGRADED,74.0
6,32,TRAIN-SPINDLE-006,32.0,0,2.775353191485785,1528.394327264798,0.2547323878774663,74.54973905258548,DEGRADED,73.0
6,33,TRAIN-SPINDLE-006,33.0,150,3.2656802482640073,2239.750801339922,0.3732918002233203,73.84133508970692,DEGRADED,72.0
6,34,TRAIN-SPINDLE-006,34.0,0,4.815699265634913,4511.649030180388,0.7519415050300646,72.92528027893253,DEGRADED,71.0
6,35,TRAIN-SPINDLE-006,35.0,150,2.8303477685861607,1464.9176737991804,0.24415294563319676,72.37027599928854,DEGRADED,70.0
6,36,TRAIN-SPINDLE-006,36.0,0,2.301655520145465,630.2539801648378,0.10504233002747296,72.2259899326524,DEGRADED,69.0
6,37,TRAIN-SPINDLE-006,37.0,150,3.9715833025576393,3124.3241987853885,0.5207206997975647,71.34036734023218,DEGRADED,68.0
6,38,TRAIN-SPINDLE-006,38.0,0,5.642202938860627,5563.831958808353,0.9273053264680589,70.21364617609696,DEGRADED,67.0
6,39,TRAIN-SPINDLE-006,39.0,150,2.8180247306946544,1243.0605592492527,0.20717675987487547,69.70143942814214,DEGRADED,66.0
6,40,TRAIN-SPINDLE-006,40.0,0,2.4695233942537183,681.8930484912378,0.1136488414152063,69.54553898244876,DEGRADED,65.0
6,41,TRAIN-SPINDLE-006,41.0,150,2.92043974302843,1346.5750382263018,0.22442917303771695,69.01239533223952,DEGRADED,64.0
6,42,TRAIN-SPINDLE-006,42.0,0,4.302640356796122,3379.8901851121477,0.5633150308520246,68.31917328767594,DEGRADED,63.0
6,43,TRAIN-SPINDLE-006,43.0,150,4.353116009581012,3403.6120109472145,0.5672686684912024,67.37600780444976,DEGRADED,62.0
6,44,TRAIN-SPINDLE-006,44.0,0,4.695091157789408,3845.8373220178437,0.640972887002974,66.58922968554897,DEGRADED,61.0
6,45,TRAIN-SPINDLE-006,45.0,150,2.3680719695671106,296.30018076683876,0.04938336346113979,66.26363918577913,DEGRADED,60.0
6,46,TRAIN-SPINDLE-006,46.0,0,5.0182000347919775,4247.072991121401,0.7078454985202335,65.39644684532306,DEGRADED,59.0
6,47,TRAIN-SPINDLE-006,47.0,150,4.6153610477296,3577.7750849936297,0.5962958474989383,64.41715412962981,DEGRADED,58.0
6,48,TRAIN-SPINDLE-006,48.0,0,4.091104661647099,2717.943552192885,0.4529905920321475,63.85337620912997,DEGRADED,57.0
6,49,TRAIN-SPINDLE-006,49.0,150,3.549351722193384,1863.0307989748233,0.3105051331624705,63.21459240487456,DEGRADED,56.0
6,50,TRAIN-SPINDLE-006,50.0,0,3.3660152362068176,1540.117284675818,0.2566862141126363,62.88463233099977,DEGRADED,55.0
6,51,TRAIN-SPINDLE-006,51.0,150,5.958890334839176,5404.682927083747,0.9007804878472911,61.54047602365664,DEGRADED,54.0
6,52,TRAIN-SPINDLE-006,52.0,0,5.8752732762042585,5178.445616080636,0.8630742693467727,60.48554888602752,DEGRADED,53.0
6,53,TRAIN-SPINDLE-006,53.0,150,4.79457666357399,3478.2811618130495,0.5797135269688416,59.52359845523567,DEGRADED,52.0
6,54,TRAIN-SPINDLE-006,54.0,0,5.961101250319782,5155.921759622348,0.8593202932703914,58.47214397684485,DEGRADED,51.0
6,55,TRAIN-SPINDLE-006,55.0,150,5.965704354441977,5083.967329926329,0.8473278883210548,57.18960886406193,DEGRADED,50.0
6,56,TRAIN-SPINDLE-006,56.0,0,2.8242120929388776,275.5388042129611,0.045923134035493515,57.108317282964585,DEGRADED,49.0
6,57,TRAIN-SPINDLE-006,57.0,150,5.966837225123114,4983.379633907015,0.8305632723178358,55.84511880515019,DEGRADED,48.0
6,58,TRAIN-SPINDLE-006,58.0,0,4.186880244979827,2218.7042778560053,0.3697840463093342,55.37640982029159,DEGRADED,47.0
6,59,TRAIN-SPINDLE-006,59.0,150,5.785742014629201,4581.843758465671,0.7636406264109452,54.19226067100006,DEGRADED,46.0
6,60,TRAIN-SPINDLE-006,60.0,0,6.329785357875502,5309.097587138257,0.8848495978563762,53.107649579456044,DEGRADED,45.0
6,61,TRAIN-SPINDLE-006,61.0,150,3.9491246174706434,1656.7606446651685,0.2761267741108614,52.50453694794723,DEGRADED,44.0
6,62,TRAIN-SPINDLE-006,62.0,0,5.0250957766843865,3225.4839361226213,0.5375806560204369,51.833777577000546,DEGRADED,43.0
6,63,TRAIN-SPINDLE-006,63.0,150,3.0994389490350507,286.691741827617,0.0477819569712695,51.50270870549995,DEGRADED,42.0
6,64,TRAIN-SPINDLE-006,64.0,0,3.060930596312612,204.09904738141407,0.034016507896902345,51.432787165550124,DEGRADED,41.0
6,65,TRAIN-SPINDLE-006,65.0,150,6.605838851765252,5516.217315064137,0.9193695525106896,50.060696406867756,DEGRADED,40.0
6,66,TRAIN-SPINDLE-006,66.0,0,4.7823409235656,2678.063615863481,0.44634393597724686,49.497664833074865,CRITICAL,39.0
6,67,TRAIN-SPINDLE-006,67.0,150,3.255711292681339,345.8918015026228,0.05764863358377047,49.15364338982232,CRITICAL,38.0
6,68,TRAIN-SPINDLE-006,68.0,0,3.756460264375977,1071.2136508006392,0.17853560846677322,48.90996532553801,CRITICAL,37.0
6,69,TRAIN-SPINDLE-006,69.0,150,3.294643048420081,360.21197204547235,0.060035328674245395,48.56279940283088,CRITICAL,36.0
6,70,TRAIN-SPINDLE-006,70.0,0,6.000775766566335,4393.373605061817,0.7322289341769695,47.657623165522494,CRITICAL,35.0
6,71,TRAIN-SPINDLE-006,71.0,150,6.216423797973867,4648.957434374988,0.774826239062498,46.45625033831234,CRITICAL,34.0
6,72,TRAIN-SPINDLE-006,72.0,0,6.269440455698785,4638.379458921602,0.7730632431536003,45.50125599232792,CRITICAL,33.0
6,73,TRAIN-SPINDLE-006,73.0,150,6.006455066875187,4172.276799737375,0.6953794666228958,44.39367578714205,CRITICAL,32.0
6,74,TRAIN-SPINDLE-006,74.0,0,4.9926050254661,2568.433222234803,0.4280722037058005,43.84962521069651,CRITICAL,31.0
6,75,TRAIN-SPINDLE-006,75.0,150,6.620732126319076,4969.820080280853,0.8283033467134756,42.58248444079181,CRITICAL,30.0
6,76,TRAIN-SPINDLE-006,76.0,0,5.384269434419261,3020.0904846882786,0.5033484141147131,41.947634316647054,CRITICAL,29.0
6,77,TRAIN-SPINDLE-006,77.0,150,6.0617392367059715,3988.6814288074866,0.6647802381345811,40.874814756826844,CRITICAL,28.0
6,78,TRAIN-SPINDLE-006,78.0,0,4.882951941097418,2140.03901840814,0.35667316973469,40.41426401306135,CRITICAL,27.0
6,79,TRAIN-SPINDLE-006,79.0,150,5.7701628334211,3436.314051111251,0.5727190085185418,39.45061288921182,CRITICAL,26.0
6,80,TRAIN-SPINDLE-006,80.0,0,4.914571316325105,2080.6529411785446,0.3467754901964241,39.00116827157935,CRITICAL,25.0
6,81,TRAIN-SPINDLE-006,81.0,150,5.924361893702089,3561.6304609215854,0.5936050768202642,38.01186790461724,CRITICAL,24.0
6,82,TRAIN-SPINDLE-006,82.0,0,4.513790549483378,1371.5759170713602,0.22859598617856003,37.70282869716525,CRITICAL,23.0
6,83,TRAIN-SPINDLE-006,83.0,150,5.1046350766797,2234.664767306943,0.37244412788449044,36.97698109740809,CRITICAL,22.0
6,84,TRAIN-SPINDLE-006,84.0,0,5.554985463024479,2855.751776842325,0.4759586294737208,36.37203125955758,CRITICAL,21.0
6,85,TRAIN-SPINDLE-006,85.0,150,6.195262125680504,3770.7955329875745,0.6284659221645957,35.33978434222748,CRITICAL,20.0
6,86,TRAIN-SPINDLE-006,86.0,0,5.301441268316291,2352.645728141498,0.3921076213569163,34.83414656111686,CRITICAL,19.0
6,87,TRAIN-SPINDLE-006,87.0,150,7.4840679091687115,5588.662855836831,0.9314438093061385,33.43932318937073,CRITICAL,18.0
6,88,TRAIN-SPINDLE-006,88.0,0,6.065254138242129,3355.8304465659985,0.5593050744276664,32.73307184357474,CRITICAL,17.0
6,89,TRAIN-SPINDLE-006,89.0,150,6.73587267185583,4308.78939605185,0.7181315660086418,31.59192650033105,CRITICAL,16.0
6,90,TRAIN-SPINDLE-006,90.0,0,6.976740949375019,4584.505911587358,0.764084318597893,30.64020923861375,CRITICAL,15.0
6,91,TRAIN-SPINDLE-006,91.0,150,4.581734573357877,920.6175529328456,0.15343625882214093,30.17235605396233,CRITICAL,14.0
6,92,TRAIN-SPINDLE-006,92.0,0,7.221012115154215,4844.444876778497,0.8074074794630828,29.168192673274486,CRITICAL,13.0
6,93,TRAIN-SPINDLE-006,93.0,150,4.954926434100432,1370.004101646235,0.22833401694103916,28.61016176214993,CRITICAL,12.0
6,94,TRAIN-SPINDLE-006,94.0,0,4.6229594669497915,830.2013325859319,0.138366888764322,28.40416202303715,CRITICAL,11.0
6,95,TRAIN-SPINDLE-006,95.0,150,6.22142841603956,3212.454775787126,0.5354091292978543,27.4790494952553,CRITICAL,10.0
6,96,TRAIN-SPINDLE-006,96.0,0,5.486233475031623,2040.2789246915813,0.3400464874485969,27.031644107101684,CRITICAL,9.0
6,97,TRAIN-SPINDLE-006,97.0,150,6.285559331854242,3205.712305813989,0.5342853843023315,26.10718605090566,CRITICAL,8.0
6,98,TRAIN-SPINDLE-006,98.0,0,5.701991355121244,2261.0259864997897,0.37683766441663163,25.615158718114177,CRITICAL,7.0
6,99,TRAIN-SPINDLE-006,99.0,150,6.752312572308619,3799.605762321492,0.633267627053582,24.571789856078546,CRITICAL,6.0
6,100,TRAIN-SPINDLE-006,100.0,0,6.971806739872383,4050.594349014464,0.6750990581690773,23.72281959550514,CRITICAL,5.0
6,101,TRAIN-SPINDLE-006,101.0,150,7.7998943930433295,5229.053059227879,0.8715088432046465,22.3940031281076,CRITICAL,4.0
6,102,TRAIN-SPINDLE-006,102.0,0,6.783462915328352,3604.7446076005986,0.6007907679334331,21.63267855566379,CRITICAL,3.0
6,103,TRAIN-SPINDLE-006,103.0,150,5.946011957633827,2291.468828125525,0.38191147135425413,20.88747614296389,CRITICAL,2.0
6,104,TRAIN-SPINDLE-006,104.0,0,6.558660324141992,3154.55119693528,0.5257585328225467,20.214997990561812,CRITICAL,1.0
6,105,TRAIN-SPINDLE-006,105.0,150,7.745970098580319,4885.079997162615,0.8141799995271024,18.95288473004488,FAILED,0.0
7,1,TRAIN-SPINDLE-007,1.0,150,2.6371556052799816,3205.7334079199723,0.5342889013199954,99.35094290882967,HEALTHY,140.0
7,2,TRAIN-SPINDLE-007,2.0,0,1.8385916076572772,1959.2081296481408,0.3265346882746901,99.03169500137686,HEALTHY,139.0
7,3,TRAIN-SPINDLE-007,3.0,150,2.0791450017336395,2296.094627703724,0.38268243795062074,98.52930539219129,HEALTHY,138.0
7,4,TRAIN-SPINDLE-007,4.0,0,3.8170556481028717,4865.281376568654,0.810880229428109,97.74046056340435,HEALTHY,137.0
7,5,TRAIN-SPINDLE-007,5.0,150,2.211417171637507,2397.660299711587,0.39961004995193117,97.2213265830819,HEALTHY,136.0
7,6,TRAIN-SPINDLE-007,6.0,0,1.675565659330814,1554.9479827273638,0.2591579971212273,96.96681324852027,HEALTHY,135.0
7,7,TRAIN-SPINDLE-007,7.0,150,3.203198136283748,3827.308198064642,0.6378846996774403,96.21656301454274,HEALTHY,134.0
7,8,TRAIN-SPINDLE-007,8.0,0,1.6558382942423961,1449.9996674543,0.2416666112423833,95.97873624410681,HEALTHY,133.0
7,9,TRAIN-SPINDLE-007,9.0,150,4.60386064304047,5854.196182868715,0.9756993638114525,94.90084880527367,HEALTHY,132.0
7,10,TRAIN-SPINDLE-007,10.0,0,2.972048277837991,3325.6360771525115,0.5542726795254186,94.35972834244447,HEALTHY,131.0
7,11,TRAIN-SPINDLE-007,11.0,150,3.5770747585875027,4192.591763564589,0.6987652939274316,93.54979252135817,HEALTHY,130.0
7,12,TRAIN-SPINDLE-007,12.0,0,3.076259155381749,3380.6231721744866,0.5634371953624144,92.99943518585319,HEALTHY,129.0
7,13,TRAIN-SPINDLE-007,13.0,150,1.7023446265615076,1278.4745787812503,0.21307909646354173,92.65982137352105,HEALTHY,128.0
7,14,TRAIN-SPINDLE-007,14.0,0,3.3488351122221927,3722.7392713473682,0.6204565452245614,92.05397223055549,HEALTHY,127.0
7,15,TRAIN-SPINDLE-007,15.0,150,1.7314943095046136,1251.289381548582,0.20854823025809702,91.71850050800506,HEALTHY,126.0
7,16,TRAIN-SPINDLE-007,16.0,0,4.422097774448421,5262.034199773011,0.8770056999621685,90.86378111259927,HEALTHY,125.0
7,17,TRAIN-SPINDLE-007,17.0,150,2.838323538785586,2822.2688916233237,0.4703781486038873,90.2742560467758,HEALTHY,124.0
7,18,TRAIN-SPINDLE-007,18.0,0,4.496591036801701,5265.4557587107365,0.8775759597851228,89.4186039767457,HEALTHY,123.0
7,19,TRAIN-SPINDLE-007,19.0,150,2.8197139966109686,2685.9662931723806,0.4476610488620634,88.8507138409486,HEALTHY,122.0
7,20,TRAIN-SPINDLE-007,20.0,0,3.039422242156695,2972.9369013061873,0.49548948355103123,88.3649683356191,HEALTHY,121.0
7,21,TRAIN-SPINDLE-007,21.0,150,4.958725654154787,5815.461106403612,0.9692435177339352,87.29133381275177,HEALTHY,120.0
7,22,TRAIN-SPINDLE-007,22.0,0,3.0670679262387006,2897.451925314434,0.48290865421907236,86.81737009635788,HEALTHY,119.0
7,23,TRAIN-SPINDLE-007,23.0,150,2.1886948781884783,1544.345074509558,0.257390845751593,86.43318690484683,HEALTHY,118.0
7,24,TRAIN-SPINDLE-007,24.0,0,2.4317212909400023,1880.0709542735158,0.31334515904558596,86.12332187053971,HEALTHY,117.0
7,25,TRAIN-SPINDLE-007,25.0,150,3.546050079953144,3528.324260220194,0.5880540433700323,85.41850935168793,HEALTHY,116.0
7,26,TRAIN-SPINDLE-007,26.0,0,5.089380702110322,5790.459254542078,0.9650765424236797,84.47678247781873,HEALTHY,115.0
7,27,TRAIN-SPINDLE-007,27.0,150,3.2823332261458615,3009.258525055197,0.5015430875091995,83.855374720637,HEALTHY,114.0
7,28,TRAIN-SPINDLE-007,28.0,0,5.236471217707042,5893.859930608336,0.9823099884347226,82.89653554397972,HEALTHY,113.0
7,29,TRAIN-SPINDLE-007,29.0,150,1.7470405013379915,587.8009178054664,0.0979668196342444,82.66581893829041,HEALTHY,112.0
7,30,TRAIN-SPINDLE-007,30.0,0,2.516854249920606,1725.21779525269,0.28753629920878165,82.37997401373131,HEALTHY,111.0
7,31,TRAIN-SPINDLE-007,31.0,150,3.480615264223158,3149.420947364585,0.5249034912274309,81.73537587133428,HEALTHY,110.0
7,32,TRAIN-SPINDLE-007,32.0,0,3.4952473431642277,3123.024205096413,0.5205040341827355,81.22351638137944,HEALTHY,109.0
7,33,TRAIN-SPINDLE-007,33.0,150,4.075144547254004,3954.480549484463,0.6590800915807439,80.44858298596775,HEALTHY,108.0
7,34,TRAIN-SPINDLE-007,34.0,0,2.798339570907358,1981.1530803086184,0.3301921800514364,80.1208166824547,HEALTHY,107.0
7,35,TRAIN-SPINDLE-007,35.0,150,3.7169362770622447,3334.4656667774693,0.5557442777962449,79.44573617337315,DEGRADED,106.0
7,36,TRAIN-SPINDLE-007,36.0,0,2.474783166442875,1420.6049626672984,0.23676749377788306,79.20824412774876,DEGRADED,105.0
7,37,TRAIN-SPINDLE-007,37.0,150,3.7566845021248083,3325.645062768369,0.5542741771280615,78.53434816605763,DEGRADED,104.0
7,38,TRAIN-SPINDLE-007,38.0,0,4.020235323192258,3670.42909724271,0.611738182873785,77.933231079941,DEGRADED,103.0
7,39,TRAIN-SPINDLE-007,39.0,150,2.4132065889996994,1214.8022144951235,0.20246703574918726,77.59993697214527,DEGRADED,102.0
7,40,TRAIN-SPINDLE-007,40.0,0,1.8055469483383493,278.31569541841935,0.046385949236403226,77.54645855491782,DEGRADED,101.0
7,41,TRAIN-SPINDLE-007,41.0,150,2.7340848006295424,1667.1115925631498,0.2778519320938583,77.14000694358793,DEGRADED,100.0
7,42,TRAIN-SPINDLE-007,42.0,0,5.209774747634641,5350.162642221056,0.8916937737035093,76.26721715113301,DEGRADED,99.0
7,43,TRAIN-SPINDLE-007,43.0,150,3.513993300489943,2741.03123706989,0.4568385395116483,75.68697246545521,DEGRADED,98.0
7,44,TRAIN-SPINDLE-007,44.0,0,5.128306713625289,5118.983005347073,0.8531638342245123,74.85113980593493,DEGRADED,97.0
7,45,TRAIN-SPINDLE-007,45.0,150,2.8229258486052133,1598.2242583529398,0.26637070972549,74.45510544365277,DEGRADED,96.0
7,46,TRAIN-SPINDLE-007,46.0,0,5.408064452474163,5446.229586985201,0.9077049311642003,73.56609269357389,DEGRADED,95.0
7,47,TRAIN-SPINDLE-007,47.0,150,4.5546525256778825,4099.435740534866,0.6832392900891444,72.76573159505193,DEGRADED,94.0
7,48,TRAIN-SPINDLE-007,48.0,0,3.469331721637408,2411.4274520850067,0.4019045753475011,72.36644695167979,DEGRADED,93.0
7,49,TRAIN-SPINDLE-007,49.0,150,5.383310604937385,5252.449428782062,0.8754082381303436,71.37953867749495,DEGRADED,92.0
7,50,TRAIN-SPINDLE-007,50.0,0,2.238235298137968,460.81834801907354,0.07680305800317892,71.29494613205121,DEGRADED,91.0
7,51,TRAIN-SPINDLE-007,51.0,150,4.298271556502933,3544.52829465824,0.5907547157763734,70.58361448953562,DEGRADED,90.0
7,52,TRAIN-SPINDLE-007,52.0,0,4.385830532464329,3622.516885411665,0.6037528142352775,69.98814391613821,DEGRADED,89.0
7,53,TRAIN-SPINDLE-007,53.0,150,4.375012662263127,3561.629787105056,0.5936049645175093,69.27370622102887,DEGRADED,88.0
7,54,TRAIN-SPINDLE-007,54.0,0,5.9988821807025055,5943.851237630924,0.9906418729384873,68.30295561395349,DEGRADED,87.0
7,55,TRAIN-SPINDLE-007,55.0,150,4.572690518163146,3731.7574482912296,0.6219595747152049,67.56059594561903,DEGRADED,86.0
7,56,TRAIN-SPINDLE-007,56.0,0,5.952524269924889,5745.831100808759,0.9576385168014598,66.62137820741025,DEGRADED,85.0
7,57,TRAIN-SPINDLE-007,57.0,150,2.7102941455741254,812.044583916957,0.1353407639861595,66.35015980437986,DEGRADED,84.0
7,58,TRAIN-SPINDLE-007,58.0,0,2.803685697868606,931.7905321313987,0.15529842202189978,66.18817375045265,DEGRADED,83.0
7,59,TRAIN-SPINDLE-007,59.0,150,4.453286681711456,3394.0430538511323,0.565673842308522,65.49980427708402,DEGRADED,82.0
7,60,TRAIN-SPINDLE-007,60.0,0,2.6661117498226714,661.6529455153085,0.11027549091921808,65.38122632088407,DEGRADED,81.0
7,61,TRAIN-SPINDLE-007,61.0,150,2.748362423165202,776.1356088141083,0.12935593480235139,65.1154815039693,DEGRADED,80.0
7,62,TRAIN-SPINDLE-007,62.0,0,5.168529360785735,4386.4551539763015,0.7310758589960503,64.39518291765215,DEGRADED,79.0
7,63,TRAIN-SPINDLE-007,63.0,150,2.702770665969557,633.7947177782464,0.10563245296304108,64.15216913373722,DEGRADED,78.0
7,64,TRAIN-SPINDLE-007,64.0,0,3.610026757436216,1976.4528211846155,0.32940880353076923,63.8208738137285,DEGRADED,77.0
7,65,TRAIN-SPINDLE-007,65.0,150,3.6868392315715095,2066.824383386902,0.3444707305644837,63.34625001594538,DEGRADED,76.0
7,66,TRAIN-SPINDLE-007,66.0,0,4.386415635931112,3080.592205092571,0.5134320341820952,62.83640516348548,DEGRADED,75.0
7,67,TRAIN-SPINDLE-007,67.0,150,5.988294914344577,5445.172758778275,0.9075287931297126,61.81586105665086,DEGRADED,74.0
7,68,TRAIN-SPINDLE-007,68.0,0,4.549434242729048,3210.3409433423867,0.5350568238903978,61.28465685363835,DEGRADED,73.0
7,69,TRAIN-SPINDLE-007,69.0,150,3.089017872784007,979.8760731988866,0.1633126788664811,60.984926495204974,DEGRADED,72.0
7,70,TRAIN-SPINDLE-007,70.0,0,4.0935255573615255,2464.15782318266,0.4106929705304434,60.574025026265495,DEGRADED,71.0
7,71,TRAIN-SPINDLE-007,71.0,150,6.181721121158369,5565.633558707465,0.9276055931179109,59.533429116419875,DEGRADED,70.0
7,72,TRAIN-SPINDLE-007,72.0,0,5.583024222746815,4589.543517851712,0.7649239196419519,58.778859428529906,DEGRADED,69.0
7,73,TRAIN-SPINDLE-007,73.0,150,6.201006039323945,5459.92351612566,0.90998725268761,57.7548651308485,DEGRADED,68.0
7,74,TRAIN-SPINDLE-007,74.0,0,3.792667967005227,1770.616835321478,0.295102805886913,57.455132488936954,DEGRADED,67.0
7,75,TRAIN-SPINDLE-007,75.0,150,2.9533262980617216,489.1243837628547,0.08152073062714245,57.23365926365877,DEGRADED,66.0
7,76,TRAIN-SPINDLE-007,76.0,0,5.122219775310919,3725.8541077407867,0.6209756846234644,56.617985088032604,DEGRADED,65.0
7,77,TRAIN-SPINDLE-007,77.0,150,6.50704826360512,5756.921277010125,0.9594868795016874,55.54545194745278,DEGRADED,64.0
7,78,TRAIN-SPINDLE-007,78.0,0,5.862875223297221,4710.221731004792,0.7850369551674653,54.77034127220192,DEGRADED,63.0
7,79,TRAIN-SPINDLE-007,79.0,150,4.411973245569506,2475.735463769403,0.4126225772949005,54.227289785384976,DEGRADED,62.0
7,80,TRAIN-SPINDLE-007,80.0,0,5.689474566729112,4351.258583997541,0.7252097639995901,53.50981096351618,DEGRADED,61.0
7,81,TRAIN-SPINDLE-007,81.0,150,4.209796425220008,2077.930460093726,0.3463217433489544,53.03068012180543,DEGRADED,60.0
7,82,TRAIN-SPINDLE-007,82.0,0,4.2999407080153595,2177.2120711584457,0.3628686785264076,52.6640322615101,DEGRADED,59.0
7,83,TRAIN-SPINDLE-007,83.0,150,5.117007805540578,3375.3141279241254,0.5625523546540209,51.97512912952727,DEGRADED,58.0
7,84,TRAIN-SPINDLE-007,84.0,0,5.084033751047926,3274.185311286434,0.5456975518810724,51.431023504646724,DEGRADED,57.0
7,85,TRAIN-SPINDLE-007,85.0,150,4.195910200936098,1901.1920642526502,0.31686534404210837,50.97989194210147,DEGRADED,56.0
7,86,TRAIN-SPINDLE-007,86.0,0,3.2318772690827746,421.30779928177174,0.07021796654696195,50.89631312723914,DEGRADED,55.0
7,87,TRAIN-SPINDLE-007,87.0,150,4.4981883811423256,2314.506056256424,0.38575100937607065,50.37828355752653,DEGRADED,54.0
7,88,TRAIN-SPINDLE-007,88.0,0,4.983389304140498,3003.4552230252384,0.5005758705042064,49.87748530042868,CRITICAL,53.0
7,89,TRAIN-SPINDLE-007,89.0,150,6.845719378232902,5759.390464881503,0.9598984108135838,48.8027796688992,CRITICAL,52.0
7,90,TRAIN-SPINDLE-007,90.0,0,4.85350705461985,2690.469057097215,0.44841150951620257,48.35211947732603,CRITICAL,51.0
7,91,TRAIN-SPINDLE-007,91.0,150,4.73107566857524,2473.022463662313,0.41217041061038545,47.8078173151368,CRITICAL,50.0
7,92,TRAIN-SPINDLE-007,92.0,0,6.2509108008631955,4711.952499930053,0.7853254166550088,47.0303910332265,CRITICAL,49.0
7,93,TRAIN-SPINDLE-007,93.0,150,3.3972889099888732,373.2126924752978,0.062202115412549636,46.82489640102967,CRITICAL,48.0
7,94,TRAIN-SPINDLE-007,94.0,0,4.626234318136821,2201.2187072824563,0.366869784547076,46.45273808572508,CRITICAL,47.0
7,95,TRAIN-SPINDLE-007,95.0,150,4.606470713384322,2143.6614265058647,0.3572769044176441,45.96113358772621,CRITICAL,46.0
7,96,TRAIN-SPINDLE-007,96.0,0,3.5421489171445426,510.3083947962803,0.08505139913271338,45.861859027920964,CRITICAL,45.0
7,97,TRAIN-SPINDLE-007,97.0,150,4.612087782585571,2107.7711009724285,0.3512951834954048,45.37589595149979,CRITICAL,44.0
7,98,TRAIN-SPINDLE-007,98.0,0,5.5387232183925565,3461.2770239513197,0.5768795039918866,44.7998353009569,CRITICAL,43.0
7,99,TRAIN-SPINDLE-007,99.0,150,4.259070082734825,1498.5927716740046,0.24976546194566743,44.411985524810774,CRITICAL,42.0
7,100,TRAIN-SPINDLE-007,100.0,0,3.435967606585821,234.85032423953882,0.039141720706589805,44.35679453407276,CRITICAL,41.0
7,101,TRAIN-SPINDLE-007,101.0,150,6.317018950363565,4552.288015600805,0.7587146692668009,43.4756039726429,CRITICAL,40.0
7,102,TRAIN-SPINDLE-007,102.0,0,3.6962516840107407,555.0478239643278,0.09250797066072129,43.36844919223979,CRITICAL,39.0
7,103,TRAIN-SPINDLE-007,103.0,150,4.909057343453943,2366.2197045988987,0.3943699507664831,42.84008612120916,CRITICAL,38.0
7,104,TRAIN-SPINDLE-007,104.0,0,3.5842006439081113,339.3074249528545,0.056551237492142414,42.767609890631135,CRITICAL,37.0
7,105,TRAIN-SPINDLE-007,105.0,150,4.189177607629119,1241.3371532410144,0.20688952554016907,42.42077655954001,CRITICAL,36.0
7,106,TRAIN-SPINDLE-007,106.0,0,6.261565661454634,4323.906734147451,0.7206511223579085,41.70460880080508,CRITICAL,35.0
7,107,TRAIN-SPINDLE-007,107.0,150,5.621577589873334,3310.2120448703818,0.5517020074783969,41.02333694331699,CRITICAL,34.0
7,108,TRAIN-SPINDLE-007,108.0,0,6.782984986759235,5001.227750887627,0.8335379584812712,40.19740249473262,CRITICAL,33.0
7,109,TRAIN-SPINDLE-007,109.0,150,5.395907259389514,2858.6660761892163,0.47644434603153607,39.588666461198116,CRITICAL,32.0
7,110,TRAIN-SPINDLE-007,110.0,0,6.0576564606000325,3805.6346754899073,0.6342724459149846,38.95546330426384,CRITICAL,31.0
7,111,TRAIN-SPINDLE-007,111.0,150,7.355442653315357,5704.823727792825,0.9508039546321375,37.886697149703,CRITICAL,30.0
7,112,TRAIN-SPINDLE-007,112.0,0,6.747656400646489,4712.9868871974595,0.7854978145329099,37.10649318294911,CRITICAL,29.0
7,113,TRAIN-SPINDLE-007,113.0,150,4.455513822098265,1216.2577218685803,0.20270962031143006,36.762220961442935,CRITICAL,28.0
7,114,TRAIN-SPINDLE-007,114.0,0,3.9967096893605647,502.2311061490673,0.08370518435817788,36.66183044838175,CRITICAL,27.0
7,115,TRAIN-SPINDLE-007,115.0,150,6.6250485072618055,4437.21004452134,0.7395350074202234,35.7972021252649,CRITICAL,26.0
7,116,TRAIN-SPINDLE-007,116.0,0,4.873560004445418,1745.130166062995,0.2908550276771658,35.49580814496278,CRITICAL,25.0
7,117,TRAIN-SPINDLE-007,117.0,150,6.924444117468472,4798.851787074916,0.7998086311791526,34.572461648515535,CRITICAL,24.0
7,118,TRAIN-SPINDLE-007,118.0,0,6.211983396810766,3660.909718854815,0.6101516198091358,33.96131410762333,CRITICAL,23.0
7,119,TRAIN-SPINDLE-007,119.0,150,6.16763818412278,3548.555834255921,0.5914259723759868,33.239508089349236,CRITICAL,22.0
7,120,TRAIN-SPINDLE-007,120.0,0,3.991655465526751,230.44630499132015,0.03840771749855336,33.182088531415516,CRITICAL,21.0
7,121,TRAIN-SPINDLE-007,121.0,150,6.356681516627178,3773.678914796931,0.6289464857994885,32.42371622787118,CRITICAL,20.0
7,122,TRAIN-SPINDLE-007,122.0,0,7.081530093605966,4804.073857499288,0.8006789762498814,31.627362639446964,CRITICAL,19.0
7,123,TRAIN-SPINDLE-007,123.0,150,7.436791484005596,5277.239423966917,0.8795399039944861,30.625730396084567,CRITICAL,18.0
7,124,TRAIN-SPINDLE-007,124.0,0,7.879333709021302,5865.930343238295,0.9776550572063825,29.657395639703214,CRITICAL,17.0
7,125,TRAIN-SPINDLE-007,125.0,150,5.817087266094958,2699.9355721201778,0.4499892620200296,29.071523841999156,CRITICAL,16.0
7,126,TRAIN-SPINDLE-007,126.0,0,6.7738146556722665,4091.086271658336,0.681847711943056,28.389447902830128,CRITICAL,15.0
7,127,TRAIN-SPINDLE-007,127.0,150,7.675423487617968,5392.343824139211,0.8987239706898685,27.368372307748263,CRITICAL,14.0
7,128,TRAIN-SPINDLE-007,128.0,0,5.341065878936546,1814.2267414859384,0.3023711235809897,27.05360010755448,CRITICAL,13.0
7,129,TRAIN-SPINDLE-007,129.0,150,4.7625522141800705,922.8483293366919,0.15380805488944865,26.754073252052777,CRITICAL,12.0
7,130,TRAIN-SPINDLE-007,130.0,0,7.769465512500347,5410.753762654479,0.9017922937757465,25.858238551334736,CRITICAL,11.0
7,131,TRAIN-SPINDLE-007,131.0,150,5.09080914995319,1325.5816162798883,0.2209302693799814,25.49334881242031,CRITICAL,10.0
7,132,TRAIN-SPINDLE-007,132.0,0,5.249621118122426,1536.432838115162,0.25607213968586034,25.222951708517314,CRITICAL,9.0
7,133,TRAIN-SPINDLE-007,133.0,150,5.020101291241604,1171.873315001205,0.1953122191668675,24.882721331522028,CRITICAL,8.0
7,134,TRAIN-SPINDLE-007,134.0,0,5.419336989721287,1745.2095844460807,0.2908682640743468,24.578442520334974,CRITICAL,7.0
7,135,TRAIN-SPINDLE-007,135.0,150,5.714236645405512,2164.7381571333904,0.36078969285556506,24.07767783256302,CRITICAL,6.0
7,136,TRAIN-SPINDLE-007,136.0,0,6.050194886970926,2631.118167898615,0.43851969464976914,23.630097739988216,CRITICAL,5.0
7,137,TRAIN-SPINDLE-007,137.0,150,7.966418172887186,5471.884589829897,0.9119807649716495,22.594922584764138,CRITICAL,4.0
7,138,TRAIN-SPINDLE-007,138.0,0,6.444335293883848,3111.1221346830816,0.5185203557805136,22.06942344356507,CRITICAL,3.0
7,139,TRAIN-SPINDLE-007,139.0,150,8.226878884255779,5745.525084651051,0.9575875141085084,20.989639979711097,CRITICAL,2.0
7,140,TRAIN-SPINDLE-007,140.0,0,7.777625266205778,4990.660897786999,0.8317768162978332,20.16014065290025,CRITICAL,1.0
7,141,TRAIN-SPINDLE-007,141.0,150,7.014629516283607,3783.9548233929295,0.6306591372321549,19.39668205774557,FAILED,0.0
8,1,TRAIN-SPINDLE-008,1.0,150,2.1717625509445684,2507.6438264168523,0.41794063773614204,99.482746407007,HEALTHY,136.0
8,2,TRAIN-SPINDLE-008,2.0,0,1.0359538750034085,765.1367930306378,0.12752279883843964,99.35919105442524,HEALTHY,135.0
8,3,TRAIN-SPINDLE-008,3.0,150,1.380797305265219,1273.1352869797213,0.2121892144966202,99.0370288307912,HEALTHY,134.0
8,4,TRAIN-SPINDLE-008,4.0,0,3.755072959635697,4810.386601762885,0.8017311002938142,98.27358053405577,HEALTHY,133.0
8,5,TRAIN-SPINDLE-008,5.0,150,3.6600079516279167,4610.530467496058,0.7684217445826763,97.42332287935122,HEALTHY,132.0
8,6,TRAIN-SPINDLE-008,6.0,0,3.639939253246933,4516.658095821741,0.7527763493036235,96.70593958351736,HEALTHY,131.0
8,7,TRAIN-SPINDLE-008,7.0,150,2.6979824273923914,3049.919109852389,0.5083198516420648,96.10212464211216,HEALTHY,130.0
8,8,TRAIN-SPINDLE-008,8.0,0,4.529887630393802,5752.490793749113,0.9587484656248523,95.18896605792779,HEALTHY,129.0
8,9,TRAIN-SPINDLE-008,9.0,150,1.377531312106436,955.4694225042381,0.15924490375070635,94.91603642818694,HEALTHY,128.0
8,10,TRAIN-SPINDLE-008,10.0,0,3.4058024083257337,3977.4063446026207,0.6629010574337701,94.28333328375764,HEALTHY,127.0
8,11,TRAIN-SPINDLE-008,11.0,150,2.0773534605208708,1937.280187063129,0.32288003117718816,93.85490424962279,HEALTHY,126.0
8,12,TRAIN-SPINDLE-008,12.0,0,2.0932822601282393,1929.0412089140684,0.32150686815234475,93.54590805699162,HEALTHY,125.0
8,13,TRAIN-SPINDLE-008,13.0,150,1.064146940986169,362.16351575362495,0.06036058595893749,93.36641663535838,HEALTHY,124.0
8,14,TRAIN-SPINDLE-008,14.0,0,1.3644636345318326,799.1766994496271,0.13319611657493785,93.2359984488527,HEALTHY,123.0
8,15,TRAIN-SPINDLE-008,15.0,150,4.073487940131968,4852.931793861904,0.8088219656436507,92.34618499886001,HEALTHY,122.0
8,16,TRAIN-SPINDLE-008,16.0,0,3.254892527231483,3558.302665761725,0.5930504442936209,91.77914459922455,HEALTHY,121.0
8,17,TRAIN-SPINDLE-008,17.0,150,2.2671978303045393,2034.2325903986498,0.33903876506644165,91.33477623438863,HEALTHY,120.0
8,18,TRAIN-SPINDLE-008,18.0,0,2.8287701432752175,2843.263432491973,0.47387723874866217,90.88057979666887,HEALTHY,119.0
8,19,TRAIN-SPINDLE-008,19.0,150,2.040720041145609,1627.1235464685785,0.2711872577447631,90.50038132514632,HEALTHY,118.0
8,20,TRAIN-SPINDLE-008,20.0,0,2.244275585390963,1903.9419774724183,0.3173236629120697,90.19454349391353,HEALTHY,117.0
8,21,TRAIN-SPINDLE-008,21.0,150,4.643008628220274,5479.103704373926,0.9131839507289877,89.20496093505504,HEALTHY,116.0
8,22,TRAIN-SPINDLE-008,22.0,0,1.814820868600469,1162.6033730298316,0.19376722883830527,89.0160578134696,HEALTHY,115.0
8,23,TRAIN-SPINDLE-008,23.0,150,2.3911997057420242,2013.0038946232564,0.33550064910387606,88.57437869070438,HEALTHY,114.0
8,24,TRAIN-SPINDLE-008,24.0,0,3.363709525496861,3438.64269004812,0.57310711500802,88.02535119334534,HEALTHY,113.0
8,25,TRAIN-SPINDLE-008,25.0,150,1.8143714378754907,1073.4584963141367,0.17890974938568946,87.73202829271034,HEALTHY,112.0
8,26,TRAIN-SPINDLE-008,26.0,0,3.273578214804547,3240.269444160096,0.540044907360016,87.21417122621276,HEALTHY,111.0
8,27,TRAIN-SPINDLE-008,27.0,150,2.70430729799467,2347.5237889579616,0.3912539648263269,86.71914962263962,HEALTHY,110.0
8,28,TRAIN-SPINDLE-008,28.0,0,3.050147837660727,2829.157978189062,0.471526329698177,86.26606781530413,HEALTHY,109.0
8,29,TRAIN-SPINDLE-008,29.0,150,2.8360948176815075,2474.097312670071,0.4123495521116785,85.75079841455626,HEALTHY,108.0
8,30,TRAIN-SPINDLE-008,30.0,0,4.562863960812802,5025.605822310923,0.8376009703851538,84.95009850498629,HEALTHY,107.0
8,31,TRAIN-SPINDLE-008,31.0,150,2.616724705789827,2046.3444465587115,0.34105740775978527,84.50216301994033,HEALTHY,106.0
8,32,TRAIN-SPINDLE-008,32.0,0,5.087016620961901,5718.187157938376,0.9530311929897294,83.59162445393518,HEALTHY,105.0
8,33,TRAIN-SPINDLE-008,33.0,150,3.203834747384391,2825.123955121725,0.4708539925202875,83.02019089221913,HEALTHY,104.0
8,34,TRAIN-SPINDLE-008,34.0,0,2.342039320862707,1489.5732982104948,0.2482622163684158,82.77807941025796,HEALTHY,103.0
8,35,TRAIN-SPINDLE-008,35.0,150,5.045540670764344,5526.666961915863,0.9211111603193105,81.7791807770607,HEALTHY,102.0
8,36,TRAIN-SPINDLE-008,36.0,0,2.40505452949199,1491.020352517538,0.24850339208625633,81.53654030594132,HEALTHY,101.0
8,37,TRAIN-SPINDLE-008,37.0,150,5.135341894602515,5568.253364849371,0.9280422274748952,80.53076423096506,HEALTHY,100.0
8,38,TRAIN-SPINDLE-008,38.0,0,4.439704512070556,4449.364085428214,0.7415606809047023,79.81993864949396,DEGRADED,99.0
8,39,TRAIN-SPINDLE-008,39.0,150,3.928340154735128,3629.005630814739,0.6048342718024565,79.12045331042512,DEGRADED,98.0
8,40,TRAIN-SPINDLE-008,40.0,0,2.8935543317442027,2024.365495898188,0.3373942493163647,78.79281750591353,DEGRADED,97.0
8,41,TRAIN-SPINDLE-008,41.0,150,2.4614887714160183,1351.6944700675424,0.22528241167792373,78.45325679306808,DEGRADED,96.0
8,42,TRAIN-SPINDLE-008,42.0,0,4.99781124387874,5130.711125298215,0.8551185208830359,77.63416888399783,DEGRADED,95.0
8,43,TRAIN-SPINDLE-008,43.0,150,1.7844580954648661,249.24980949713637,0.041541634916189396,77.46868745988421,DEGRADED,94.0
8,44,TRAIN-SPINDLE-008,44.0,0,5.571245428909081,5917.019702854936,0.9861699504758227,76.52500112361231,DEGRADED,93.0
8,45,TRAIN-SPINDLE-008,45.0,150,3.645979549936558,2958.344409175761,0.4930574015292935,75.93078879595701,DEGRADED,92.0
8,46,TRAIN-SPINDLE-008,46.0,0,5.599383131033086,5843.883856246404,0.9739806427077341,74.9982974891947,DEGRADED,91.0
8,47,TRAIN-SPINDLE-008,47.0,150,5.580571334703327,5745.729313744592,0.9576215522907654,73.9628711097611,DEGRADED,90.0
8,48,TRAIN-SPINDLE-008,48.0,0,3.8602808436497256,3087.636598706671,0.5146060997844452,73.4658240706183,DEGRADED,89.0
8,49,TRAIN-SPINDLE-008,49.0,150,2.2269043294091557,600.2932994101058,0.10004888323501762,73.24381453430122,DEGRADED,88.0
8,50,TRAIN-SPINDLE-008,50.0,0,4.7359219753591875,4347.169053111373,0.7245281755185622,72.54738954360921,DEGRADED,87.0
8,51,TRAIN-SPINDLE-008,51.0,150,4.149668215907042,3415.5565396312536,0.5692594232718756,71.87990390204006,DEGRADED,86.0
8,52,TRAIN-SPINDLE-008,52.0,0,2.3390978174242436,649.6395187893696,0.1082732531315616,71.76793976805642,DEGRADED,85.0
8,53,TRAIN-SPINDLE-008,53.0,150,3.669333312383128,2636.5954511789246,0.43943257519648743,71.22346388358055,DEGRADED,84.0
8,54,TRAIN-SPINDLE-008,54.0,0,2.1201644976217664,272.0065377011912,0.04533442295019853,71.1710663487434,DEGRADED,83.0
8,55,TRAIN-SPINDLE-008,55.0,150,5.002048188769221,4590.902259309587,0.7651503765515979,70.31735853499814,DEGRADED,82.0
8,56,TRAIN-SPINDLE-008,56.0,0,3.823205649399874,2758.6103642246717,0.4597683940374453,69.87146771040968,DEGRADED,81.0
8,57,TRAIN-SPINDLE-008,57.0,150,4.130785632565184,3186.538527128501,0.5310897545214168,69.23955575559638,DEGRADED,80.0
8,58,TRAIN-SPINDLE-008,58.0,0,3.2895555023404563,1877.299935180413,0.31288332253006884,68.93278981336643,DEGRADED,79.0
8,59,TRAIN-SPINDLE-008,59.0,150,2.522370111238573,703.5144028603413,0.11725240047672356,68.69335884851525,DEGRADED,78.0
8,60,TRAIN-SPINDLE-008,60.0,0,4.638472514368679,3859.710685191663,0.6432851141986105,68.07292839352952,DEGRADED,77.0
8,61,TRAIN-SPINDLE-008,61.0,150,5.33136370688836,4852.515189847254,0.808752531641209,67.17709536926913,DEGRADED,76.0
8,62,TRAIN-SPINDLE-008,62.0,0,5.729044927467878,5381.849543897,0.8969749239828334,66.31556108681824,DEGRADED,75.0
8,63,TRAIN-SPINDLE-008,63.0,150,3.94847070893102,2646.3731449078987,0.44106219081798315,65.76822018127943,DEGRADED,74.0
8,64,TRAIN-SPINDLE-008,64.0,0,3.975903444893528,2646.4716809362494,0.4410786134893749,65.3389647220533,DEGRADED,73.0
8,65,TRAIN-SPINDLE-008,65.0,150,5.0618724602943175,4243.231044595474,0.7072051740992455,64.53883315267977,DEGRADED,72.0
8,66,TRAIN-SPINDLE-008,66.0,0,5.524290652959315,4876.848465889954,0.8128080776483256,63.756530357705856,DEGRADED,71.0
8,67,TRAIN-SPINDLE-008,67.0,150,2.415940049346355,155.6498508474716,0.025941641807911937,63.60249625300199,DEGRADED,70.0
8,68,TRAIN-SPINDLE-008,68.0,0,5.463906365399451,4716.0467670743255,0.7860077945123876,62.84539895056303,DEGRADED,69.0
8,69,TRAIN-SPINDLE-008,69.0,150,2.742433627620872,577.0553627235354,0.0961758937872559,62.62449620520118,DEGRADED,68.0
8,70,TRAIN-SPINDLE-008,70.0,0,3.5981218323942024,1844.0199639813925,0.3073366606635654,62.32139393520874,DEGRADED,67.0
8,71,TRAIN-SPINDLE-008,71.0,150,3.18420890428847,1200.417901573361,0.2000696502622268,62.00177522590125,DEGRADED,66.0
8,72,TRAIN-SPINDLE-008,72.0,0,2.9128896898674217,769.4676767437257,0.12824461279062097,61.86847047587193,DEGRADED,65.0
8,73,TRAIN-SPINDLE-008,73.0,150,4.278964534654838,2808.5820876726525,0.4680970146121088,61.294399578378915,DEGRADED,64.0
8,74,TRAIN-SPINDLE-008,74.0,0,5.865571218139914,5145.436795588291,0.8575727992647151,60.46883298340379,DEGRADED,63.0
8,75,TRAIN-SPINDLE-008,75.0,150,3.789438240969524,1969.3198352095703,0.3282199725349284,60.02715891596105,DEGRADED,62.0
8,76,TRAIN-SPINDLE-008,76.0,0,4.880995746334234,3573.5305381984294,0.5955884230330716,59.44989405247621,DEGRADED,61.0
8,77,TRAIN-SPINDLE-008,77.0,150,5.9648886845231734,5156.075080720476,0.859345846786746,58.50396545959027,DEGRADED,60.0
8,78,TRAIN-SPINDLE-008,78.0,0,4.989233291073388,3621.647346079353,0.6036078910132255,57.918722208556154,DEGRADED,59.0
8,79,TRAIN-SPINDLE-008,79.0,150,3.943366993319221,2008.954655620543,0.33482577593675716,57.470162889709144,DEGRADED,58.0
8,80,TRAIN-SPINDLE-008,80.0,0,3.6697196061703625,1564.8416259837295,0.2608069376639549,57.209968138607024,DEGRADED,57.0
8,81,TRAIN-SPINDLE-008,81.0,150,5.772887363247785,4700.078655267204,0.783346442544534,56.3356169314379,DEGRADED,56.0
8,82,TRAIN-SPINDLE-008,82.0,0,5.474958137308292,4187.60847582028,0.6979347459700466,55.66033848955689,DEGRADED,55.0
8,83,TRAIN-SPINDLE-008,83.0,150,3.0155568742303425,447.8606980622807,0.07464344967704678,55.45813116067956,DEGRADED,54.0
8,84,TRAIN-SPINDLE-008,84.0,0,5.644221167489721,4375.691588285548,0.7292819313809248,54.75289381906049,DEGRADED,53.0
8,85,TRAIN-SPINDLE-008,85.0,150,6.123794428762634,5042.1586795734875,0.8403597799289145,53.8238459912424,DEGRADED,52.0
8,86,TRAIN-SPINDLE-008,86.0,0,6.059401084740463,4875.890076453875,0.8126483460756457,53.03910344870646,DEGRADED,51.0
8,87,TRAIN-SPINDLE-008,87.0,150,5.825609696615819,4466.347303576714,0.7443912172627857,52.20070983800851,DEGRADED,50.0
8,88,TRAIN-SPINDLE-008,88.0,0,5.239240037292767,3523.913293789787,0.5873188822982979,51.629399539502124,DEGRADED,49.0
8,89,TRAIN-SPINDLE-008,89.0,150,3.9197059048846468,1501.7638227896293,0.25029397046493823,51.25953505722155,DEGRADED,48.0
8,90,TRAIN-SPINDLE-008,90.0,0,4.091894953260559,1732.3075591824554,0.28871792653040923,50.97135238789354,DEGRADED,47.0
8,91,TRAIN-SPINDLE-008,91.0,150,6.2858767249493175,5001.666516515991,0.8336110860859985,50.04779415295426,DEGRADED,46.0
8,92,TRAIN-SPINDLE-008,92.0,0,5.329790620834576,3498.2704927234336,0.5830450821205723,49.480018783215954,CRITICAL,45.0
8,93,TRAIN-SPINDLE-008,93.0,150,6.286848646351917,4891.274378269071,0.8152123963781785,48.573559187762825,CRITICAL,44.0
8,94,TRAIN-SPINDLE-008,94.0,0,6.49404540497496,5134.085046544653,0.8556808410907755,47.74671153164258,CRITICAL,43.0
8,95,TRAIN-SPINDLE-008,95.0,150,5.6751816215008954,3843.775797124536,0.640629299520756,47.0055021339517,CRITICAL,42.0
8,96,TRAIN-SPINDLE-008,96.0,0,6.981865965667881,5748.2116085482,0.9580352680913667,46.081146754957615,CRITICAL,41.0
8,97,TRAIN-SPINDLE-008,97.0,150,3.8757918586078386,1019.7737945335786,0.16996229908892976,45.786170643113195,CRITICAL,40.0
8,98,TRAIN-SPINDLE-008,98.0,0,7.146063547082857,5903.058118857776,0.9838430198096294,44.83703029808549,CRITICAL,39.0
8,99,TRAIN-SPINDLE-008,99.0,150,6.332643245625621,4611.742140794843,0.7686236901324739,43.97365785742105,CRITICAL,38.0
8,100,TRAIN-SPINDLE-008,100.0,0,5.615918236352183,3471.9016938348545,0.5786502823058091,43.40858392610022,CRITICAL,37.0
8,101,TRAIN-SPINDLE-008,101.0,150,5.903448208876307,3860.816107771978,0.6434693512953297,42.66363034425092,CRITICAL,36.0
8,102,TRAIN-SPINDLE-008,102.0,0,6.363172974853807,4494.531738099528,0.7490886230165881,41.93650334864337,CRITICAL,35.0
8,103,TRAIN-SPINDLE-008,103.0,150,4.450947879758026,1571.6595707852916,0.2619432617975486,41.55324021442332,CRITICAL,34.0
8,104,TRAIN-SPINDLE-008,104.0,0,7.1939890564324145,5657.476600730371,0.9429127667883951,40.641916644288074,CRITICAL,33.0
8,105,TRAIN-SPINDLE-008,105.0,150,4.63447223714146,1749.8521040337957,0.29164201733896594,40.23015800395292,CRITICAL,32.0
8,106,TRAIN-SPINDLE-008,106.0,0,6.431980768392853,4415.233002885749,0.7358721671476248,39.514984156233524,CRITICAL,31.0
8,107,TRAIN-SPINDLE-008,107.0,150,7.467400511947597,5914.724579638909,0.9857874299398182,38.44424864682077,CRITICAL,30.0
8,108,TRAIN-SPINDLE-008,108.0,0,5.239660060601729,2492.8087394141508,0.41546812323569177,38.032688021527065,CRITICAL,29.0
8,109,TRAIN-SPINDLE-008,109.0,150,5.387479903584515,2683.6714569913024,0.44727857616521705,37.47260816193101,CRITICAL,28.0
8,110,TRAIN-SPINDLE-008,110.0,0,6.708543445275483,4623.26078005805,0.7705434633430083,36.723866346630444,CRITICAL,27.0
8,111,TRAIN-SPINDLE-008,111.0,150,5.862291510298474,3297.7272414449935,0.5496212069074989,36.06635265189065,CRITICAL,26.0
8,112,TRAIN-SPINDLE-008,112.0,0,6.931974093025044,4852.937588429364,0.808822931404894,35.28094571852571,CRITICAL,25.0
8,113,TRAIN-SPINDLE-008,113.0,150,6.588250550817406,4278.4467551155385,0.7130744591859232,34.4679752702581,CRITICAL,24.0
8,114,TRAIN-SPINDLE-008,114.0,0,6.781012414860365,4506.616767559906,0.7511027945933177,33.736954895130324,CRITICAL,23.0
8,115,TRAIN-SPINDLE-008,115.0,150,7.446062196472966,5449.364911844224,0.9082274853073706,32.7384219764774,CRITICAL,22.0
8,116,TRAIN-SPINDLE-008,116.0,0,5.6247974016680455,2642.5777507378734,0.4404296251229789,32.30179440919734,CRITICAL,21.0
8,117,TRAIN-SPINDLE-008,117.0,150,6.714484728151636,4244.361672917255,0.7073936121528759,31.493494279072564,CRITICAL,20.0
8,118,TRAIN-SPINDLE-008,118.0,0,6.317538864260566,3588.3203673212915,0.5980533945535486,30.906989687186663,CRITICAL,19.0
8,119,TRAIN-SPINDLE-008,119.0,150,6.529687590430617,3862.5556121849268,0.6437592686974878,30.15873759166942,CRITICAL,18.0
8,120,TRAIN-SPINDLE-008,120.0,0,5.648886658425605,2485.235307013615,0.41420588450226914,29.746370982149326,CRITICAL,17.0
8,121,TRAIN-SPINDLE-008,121.0,150,5.8434869429935485,2746.208238151523,0.4577013730252538,29.174396512354352,CRITICAL,16.0
8,122,TRAIN-SPINDLE-008,122.0,0,6.531321290250842,3735.06167380284,0.62251027896714,28.564122881687567,CRITICAL,15.0
8,123,TRAIN-SPINDLE-008,123.0,150,6.851006778084061,4168.819383252659,0.6948032305421098,27.766866381861206,CRITICAL,14.0
8,124,TRAIN-SPINDLE-008,124.0,0,7.885188017052322,5660.297004218073,0.9433828340363456,26.85176263370872,CRITICAL,13.0
8,125,TRAIN-SPINDLE-008,125.0,150,5.4287359190617055,1906.9860761207126,0.31783101268678543,26.411817108061108,CRITICAL,12.0
8,126,TRAIN-SPINDLE-008,126.0,0,4.925902735405485,1119.7403862128122,0.18662339770213537,26.214507114450488,CRITICAL,11.0
8,127,TRAIN-SPINDLE-008,127.0,150,7.841903878728243,5478.943851676152,0.9131573086126921,25.20947683855353,CRITICAL,10.0
8,128,TRAIN-SPINDLE-008,128.0,0,6.191664709627759,2928.2078273331517,0.48803463788885865,24.725854026520356,CRITICAL,9.0
8,129,TRAIN-SPINDLE-008,129.0,150,6.317896297091332,3081.283497626024,0.5135472496043374,24.09967084402066,CRITICAL,8.0
8,130,TRAIN-SPINDLE-008,130.0,0,5.935562914604885,2460.819685208877,0.41013661420147957,23.689700408446445,CRITICAL,7.0
8,131,TRAIN-SPINDLE-008,131.0,150,6.737281610265714,3632.649946032054,0.605441657672009,22.976064099399412,CRITICAL,6.0
8,132,TRAIN-SPINDLE-008,132.0,0,7.865814634296006,5271.926758898965,0.8786544598164941,22.121225266932733,CRITICAL,5.0
8,133,TRAIN-SPINDLE-008,133.0,150,4.787607541399043,590.5032071185192,0.09841720118641986,21.888346872187824,CRITICAL,4.0
8,134,TRAIN-SPINDLE-008,134.0,0,7.723282341495489,4976.54952765732,0.82942492127622,21.07996100396834,CRITICAL,3.0
8,135,TRAIN-SPINDLE-008,135.0,150,5.174732109971546,1093.0952402549447,0.18218254004249076,20.767342268869406,CRITICAL,2.0
8,136,TRAIN-SPINDLE-008,136.0,0,6.591594256192055,3194.942054453288,0.5324903424088814,20.24045924314028,CRITICAL,1.0
8,137,TRAIN-SPINDLE-008,137.0,150,7.980911059634408,5239.401032687132,0.8732335054478554,19.271869605071767,FAILED,0.0
9,1,TRAIN-SPINDLE-009,1.0,150,2.0551303154772316,2332.6954732158474,0.3887825788693079,99.49899916254348,HEALTHY,138.0
9,2,TRAIN-SPINDLE-009,2.0,0,0.718858422106203,290.71257035006573,0.04845209505834429,99.4497390039959,HEALTHY,137.0
9,3,TRAIN-SPINDLE-009,3.0,150,2.685657536032662,3237.2167293486864,0.5395361215581144,98.80366197295925,HEALTHY,136.0
9,4,TRAIN-SPINDLE-009,4.0,0,4.046545037256232,5230.092203856291,0.8716820339760485,97.96276350284722,HEALTHY,135.0
9,5,TRAIN-SPINDLE-009,5.0,150,2.3603506514827575,2637.7332399376783,0.4396222066562797,97.4123654543201,HEALTHY,134.0
9,6,TRAIN-SPINDLE-009,6.0,0,4.162890477802916,5300.263125778381,0.8833771876297302,96.55986835925091,HEALTHY,133.0
9,7,TRAIN-SPINDLE-009,7.0,150,2.812352562750132,3210.5189710690165,0.5350864951781694,95.91733229511932,HEALTHY,132.0
9,8,TRAIN-SPINDLE-009,8.0,0,4.056911179126964,5029.166690824395,0.8381944484707325,95.10789306147346,HEALTHY,131.0
9,9,TRAIN-SPINDLE-009,9.0,150,1.2997164445327025,832.6666464095636,0.13877777440159392,94.84600165486614,HEALTHY,130.0
9,10,TRAIN-SPINDLE-009,10.0,0,2.7317734663596736,2961.1103236544714,0.4935183872757452,94.36766402313805,HEALTHY,129.0
9,11,TRAIN-SPINDLE-009,11.0,150,2.411061699627967,2444.1673511773038,0.4073612251962173,93.84736519909971,HEALTHY,128.0
9,12,TRAIN-SPINDLE-009,12.0,0,1.1025849468933537,442.4298102725092,0.07373830171208487,93.77235342130783,HEALTHY,127.0
9,13,TRAIN-SPINDLE-009,13.0,150,4.159475022887795,5022.139040929779,0.8370231734882966,92.8388217554015,HEALTHY,126.0
9,14,TRAIN-SPINDLE-009,14.0,0,2.3997417296114247,2312.5242260722493,0.3854207043453749,92.46389840033225,HEALTHY,125.0
9,15,TRAIN-SPINDLE-009,15.0,150,1.2029700643243877,489.2474765115007,0.08154124608525011,92.25636048465333,HEALTHY,124.0
9,16,TRAIN-SPINDLE-009,16.0,0,1.9650966739938838,1616.8720473398253,0.26947867455663754,91.99275635235625,HEALTHY,123.0
9,17,TRAIN-SPINDLE-009,17.0,150,2.5195919898189536,2428.844711155149,0.4048074518591915,91.47430712497129,HEALTHY,122.0
9,18,TRAIN-SPINDLE-009,18.0,0,2.6212954563802273,2542.516218943188,0.423752703157198,91.06218306152799,HEALTHY,121.0
9,19,TRAIN-SPINDLE-009,19.0,150,4.249135411516727,4953.366846889689,0.8255611411482816,90.1389799808208,HEALTHY,120.0
9,20,TRAIN-SPINDLE-009,20.0,0,2.7175064825957973,2586.683222455257,0.43111387040920945,89.71943830039021,HEALTHY,119.0
9,21,TRAIN-SPINDLE-009,21.0,150,1.1728113865542091,238.1749523605793,0.03969582539342988,89.55143110055828,HEALTHY,118.0
9,22,TRAIN-SPINDLE-009,22.0,0,2.116444195997746,1641.0236265384897,0.27350393775641496,89.2832672585982,HEALTHY,117.0
9,23,TRAIN-SPINDLE-009,23.0,150,4.049800204231679,4520.945350742384,0.7534908917903974,88.42889955121228,HEALTHY,116.0
9,24,TRAIN-SPINDLE-009,24.0,0,4.00498605675024,4389.6465514662805,0.7316077585777134,87.7200241374845,HEALTHY,115.0
9,25,TRAIN-SPINDLE-009,25.0,150,4.165658055337997,4577.488893318333,0.7629148155530555,86.85619753879705,HEALTHY,114.0
9,26,TRAIN-SPINDLE-009,26.0,0,1.4315934210787487,411.6049470279017,0.06860082450465028,86.78434216273367,HEALTHY,113.0
9,27,TRAIN-SPINDLE-009,27.0,150,2.6748251699279844,2271.0634170970015,0.37851056951616696,86.28984680768737,HEALTHY,112.0
9,28,TRAIN-SPINDLE-009,28.0,0,5.017949109574265,5748.662174937949,0.9581103624896582,85.3626641839547,HEALTHY,111.0
9,29,TRAIN-SPINDLE-009,29.0,150,4.8739286627798055,5463.092807966312,0.9105154679943853,84.3563317818183,HEALTHY,110.0
9,30,TRAIN-SPINDLE-009,30.0,0,2.4978388853850886,1823.483211714005,0.3039138686190008,84.05760674490897,HEALTHY,109.0
9,31,TRAIN-SPINDLE-009,31.0,150,4.545799728373361,4873.020098428214,0.8121700164047023,83.14549178083571,HEALTHY,108.0
9,32,TRAIN-SPINDLE-009,32.0,0,5.211742015467408,5803.524906763789,0.9672541511272982,82.20871639112168,HEALTHY,107.0
9,33,TRAIN-SPINDLE-009,33.0,150,2.3364351932792156,1420.30651925295,0.23671775320882502,81.8493751511968,HEALTHY,106.0
9,34,TRAIN-SPINDLE-009,34.0,0,4.307658009391909,4350.190150427623,0.7250316917379371,81.1451441858935,HEALTHY,105.0
9,35,TRAIN-SPINDLE-009,35.0,150,4.862302135323021,5129.339016926544,0.8548898361544239,80.19121527911692,HEALTHY,104.0
9,36,TRAIN-SPINDLE-009,36.0,0,1.6704450765695786,270.008760788137,0.04500146013135617,80.1403489169794,HEALTHY,103.0
9,37,TRAIN-SPINDLE-009,37.0,150,1.8321170503417865,508.70174428613547,0.08478362404768924,79.92655112132023,DEGRADED,102.0
9,38,TRAIN-SPINDLE-009,38.0,0,3.1018599567165457,2397.2812691738354,0.3995468781956392,79.53475397296846,DEGRADED,101.0
9,39,TRAIN-SPINDLE-009,39.0,150,4.362413801781626,4258.727250645074,0.7097878751075123,78.71991678862065,DEGRADED,100.0
9,40,TRAIN-SPINDLE-009,40.0,0,4.182322887478163,3927.478090363794,0.654579681727299,78.08262100438513,DEGRADED,99.0
9,41,TRAIN-SPINDLE-009,41.0,150,1.6975761945513317,152.5608671558826,0.025426811192647097,77.9253646649563,DEGRADED,98.0
9,42,TRAIN-SPINDLE-009,42.0,0,5.359964313333393,5634.348819871812,0.939058136645302,77.01436600414046,DEGRADED,97.0
9,43,TRAIN-SPINDLE-009,43.0,150,4.714338309869134,4597.584915114235,0.7662641525190391,76.1445892724251,DEGRADED,96.0
9,44,TRAIN-SPINDLE-009,44.0,0,2.5696341474695643,1315.2954166362288,0.2192159027727048,75.9251995794278,DEGRADED,95.0
9,45,TRAIN-SPINDLE-009,45.0,150,3.784712274561404,3121.458380299191,0.5202430633831985,75.29167208478694,DEGRADED,94.0
9,46,TRAIN-SPINDLE-009,46.0,0,3.6672106923813894,2897.691444931105,0.48294857415518416,74.81850982264005,DEGRADED,93.0
9,47,TRAIN-SPINDLE-009,47.0,150,4.819763574147197,4591.0335979188,0.7651722663198001,73.94922287546201,DEGRADED,92.0
9,48,TRAIN-SPINDLE-009,48.0,0,5.179138099720349,5064.898865240176,0.8441498108733626,73.12845601466752,DEGRADED,91.0
9,49,TRAIN-SPINDLE-009,49.0,150,3.999732396802859,3234.2327963043526,0.5390387993840587,72.47614492558614,DEGRADED,90.0
9,50,TRAIN-SPINDLE-009,50.0,0,4.315729399004109,3659.3049679251244,0.6098841613208541,71.8802276106161,DEGRADED,89.0
9,51,TRAIN-SPINDLE-009,51.0,150,4.488429840063368,3873.6618308912603,0.6456103051485433,71.1251393645255,DEGRADED,88.0
9,52,TRAIN-SPINDLE-009,52.0,0,5.121342489045377,4766.399185907478,0.7943998643179129,70.35148240020986,DEGRADED,87.0
9,53,TRAIN-SPINDLE-009,53.0,150,5.795085297720408,5718.9891265963515,0.9531648544327253,69.30031847720308,DEGRADED,86.0
9,54,TRAIN-SPINDLE-009,54.0,0,5.969958134747305,5902.461087911189,0.9837435146518648,68.34415940202794,DEGRADED,85.0
9,55,TRAIN-SPINDLE-009,55.0,150,2.198450614157024,173.48787638763164,0.028914646064605275,68.18106642109323,DEGRADED,84.0
9,56,TRAIN-SPINDLE-009,56.0,0,3.1024823637954784,1517.30352727521,0.252883921212535,67.92727720169353,DEGRADED,83.0
9,57,TRAIN-SPINDLE-009,57.0,150,2.2160149150033805,168.5681626320852,0.028094693772014203,67.76486622149626,DEGRADED,82.0
9,58,TRAIN-SPINDLE-009,58.0,0,3.8764117565848446,2646.982601489486,0.4411637669149144,67.32995685524735,DEGRADED,81.0
9,59,TRAIN-SPINDLE-009,59.0,150,3.9441750853236996,2716.0093921291,0.4526682320215167,66.75920456587411,DEGRADED,80.0
9,60,TRAIN-SPINDLE-009,60.0,0,2.494298374188616,498.38790372348296,0.0830646506205805,66.668318599005,DEGRADED,79.0
9,61,TRAIN-SPINDLE-009,61.0,150,5.841383876875193,5512.199710238165,0.9186999517063608,65.64935031381249,DEGRADED,78.0
9,62,TRAIN-SPINDLE-009,62.0,0,2.419333788784006,302.7019567119457,0.050450326118657615,65.58953704093575,DEGRADED,77.0
9,63,TRAIN-SPINDLE-009,63.0,150,5.244172675259947,4535.474290960103,0.7559123818266839,64.7267991540579,DEGRADED,76.0
9,64,TRAIN-SPINDLE-009,64.0,0,3.253082049845137,1484.1330113220479,0.24735550188700797,64.47744413649423,DEGRADED,75.0
9,65,TRAIN-SPINDLE-009,65.0,150,5.416664255808578,4710.804693949934,0.7851341156583223,63.58632860558676,DEGRADED,74.0
9,66,TRAIN-SPINDLE-009,66.0,0,5.258696359834124,4407.019185170192,0.7345031975283653,62.8683343876488,DEGRADED,73.0
9,67,TRAIN-SPINDLE-009,67.0,150,4.340711893992153,2976.1929200618897,0.4960321533436483,62.25475385912881,DEGRADED,72.0
9,68,TRAIN-SPINDLE-009,68.0,0,4.106060902661673,2578.19789342717,0.42969964890452833,61.82946107027777,DEGRADED,71.0
9,69,TRAIN-SPINDLE-009,69.0,150,2.569022408916116,240.74319364500718,0.0401238656075012,61.653930127719846,DEGRADED,70.0
9,70,TRAIN-SPINDLE-009,70.0,0,2.9954332730040276,867.1946690850294,0.1445324448475049,61.50264655065468,DEGRADED,69.0
9,71,TRAIN-SPINDLE-009,71.0,150,3.0455901259757496,931.0836802627261,0.15518061337712102,61.216415629424866,DEGRADED,68.0
9,72,TRAIN-SPINDLE-009,72.0,0,4.331739419237349,2838.840301062888,0.47314005017714805,60.74909404432199,DEGRADED,67.0
9,73,TRAIN-SPINDLE-009,73.0,150,3.110827436681979,972.4232083471185,0.16207053472451974,60.45604692464621,DEGRADED,66.0
9,74,TRAIN-SPINDLE-009,74.0,0,2.872514775557332,592.9756826844633,0.09882928044741056,60.348397326904475,DEGRADED,65.0
9,75,TRAIN-SPINDLE-009,75.0,150,5.042626292793821,3840.069238708566,0.640011539784761,59.595751055298045,DEGRADED,64.0
9,76,TRAIN-SPINDLE-009,76.0,0,5.082793964404626,3843.8722757542932,0.6406453792923822,58.96697498830956,DEGRADED,63.0
9,77,TRAIN-SPINDLE-009,77.0,150,4.563137086025769,3017.2287531618704,0.5028714588603117,58.345824201896576,DEGRADED,62.0
9,78,TRAIN-SPINDLE-009,78.0,0,2.6809165742837493,147.31167656786792,0.02455194609464465,58.30904740316456,DEGRADED,61.0
9,79,TRAIN-SPINDLE-009,79.0,150,4.721119231602932,3204.85740264174,0.53414290044029,57.65766418110672,DEGRADED,60.0
9,80,TRAIN-SPINDLE-009,80.0,0,4.594404229609552,2965.9311579973305,0.4943218596662217,57.16907068853678,DEGRADED,59.0
9,81,TRAIN-SPINDLE-009,81.0,150,6.267667994184506,5439.182292917018,0.9065303821528362,56.159379939345655,DEGRADED,58.0
9,82,TRAIN-SPINDLE-009,82.0,0,5.313857130641429,3932.739191413068,0.655456531902178,55.515487982435154,DEGRADED,57.0
9,83,TRAIN-SPINDLE-009,83.0,150,6.010242039429549,4929.02465782696,0.8215041096378266,54.58712061007294,DEGRADED,56.0
9,84,TRAIN-SPINDLE-009,84.0,0,5.51729408592336,4119.97517464051,0.6866625291067516,53.91282597269028,DEGRADED,55.0
9,85,TRAIN-SPINDLE-009,85.0,150,3.528133555459361,1085.6622811408124,0.18094371352346875,53.59989068552188,DEGRADED,54.0
9,86,TRAIN-SPINDLE-009,86.0,0,4.952141864466595,3198.2045981140345,0.5330340996856724,53.07304410938423,DEGRADED,53.0
9,87,TRAIN-SPINDLE-009,87.0,150,4.779727136374963,2900.0690127662624,0.48334483546104373,52.4691633912307,DEGRADED,52.0
9,88,TRAIN-SPINDLE-009,88.0,0,6.629116747931023,5628.862376238836,0.9381437293731393,51.552552266318564,DEGRADED,51.0
9,89,TRAIN-SPINDLE-009,89.0,150,5.753170978660994,4246.197887965383,0.7076996479942306,50.73258698412555,DEGRADED,50.0
9,90,TRAIN-SPINDLE-009,90.0,0,6.3200988263921465,5035.092263397636,0.839182043899606,49.9106757087019,CRITICAL,49.0
9,91,TRAIN-SPINDLE-009,91.0,150,4.723024417563401,2577.8373044977448,0.4296395507496241,49.357621320269885,CRITICAL,48.0
9,92,TRAIN-SPINDLE-009,92.0,0,4.85647268062103,2736.530619951787,0.45608843665863114,48.903669206343515,CRITICAL,47.0
9,93,TRAIN-SPINDLE-009,93.0,150,3.6609985926477573,909.2730794473994,0.15154551324123322,48.61772024032241,CRITICAL,46.0
9,94,TRAIN-SPINDLE-009,94.0,0,4.803926452962205,2602.2186974674883,0.43370311624458135,48.18510090153312,CRITICAL,45.0
9,95,TRAIN-SPINDLE-009,95.0,150,4.4457188865693364,2032.460897468989,0.3387434829114982,47.71899480757313,CRITICAL,44.0
9,96,TRAIN-SPINDLE-009,96.0,0,5.081782974374985,2951.599072130463,0.49193317868841047,47.23016335605017,CRITICAL,43.0
9,97,TRAIN-SPINDLE-009,97.0,150,5.774226557743033,3953.602088318311,0.6589336813863852,46.4559798800354,CRITICAL,42.0
9,98,TRAIN-SPINDLE-009,98.0,0,5.512529799305728,3502.9931899612475,0.5838321983268746,45.87847376673422,CRITICAL,41.0
9,99,TRAIN-SPINDLE-009,99.0,150,3.5091613278342857,454.62752425649455,0.07577125404274909,45.66460343020739,CRITICAL,40.0
9,100,TRAIN-SPINDLE-009,100.0,0,5.696165367489873,3719.0933085003644,0.6198488847500607,45.052268727525394,CRITICAL,39.0
9,101,TRAIN-SPINDLE-009,101.0,150,5.758355560386737,3766.45349514451,0.6277422491907516,44.307517602588014,CRITICAL,38.0
9,102,TRAIN-SPINDLE-009,102.0,0,5.91987887444544,3952.882131862261,0.6588136886437101,43.65737570120246,CRITICAL,37.0
9,103,TRAIN-SPINDLE-009,103.0,150,6.349969433100366,4549.2573272407335,0.7582095545401222,42.78683637221177,CRITICAL,36.0
9,104,TRAIN-SPINDLE-009,104.0,0,4.5349702106761285,1761.468043930076,0.2935780073216793,42.48744769573818,CRITICAL,35.0
9,105,TRAIN-SPINDLE-009,105.0,150,7.366789009791114,5986.742091867035,0.9977903486445059,41.38627479830429,CRITICAL,34.0
9,106,TRAIN-SPINDLE-009,106.0,0,6.988115513276661,5336.143879787814,0.889357313297969,40.513741145401326,CRITICAL,33.0
9,107,TRAIN-SPINDLE-009,107.0,150,7.227146632352287,5629.25053443353,0.9382084224055884,39.46934755659976,CRITICAL,32.0
9,108,TRAIN-SPINDLE-009,108.0,0,3.8428532112887273,474.48088367807236,0.07908014727967873,39.375333144422804,CRITICAL,31.0
9,109,TRAIN-SPINDLE-009,109.0,150,3.9328723854380465,602.45856398878,0.10040976066479668,39.136116750899845,CRITICAL,30.0
9,110,TRAIN-SPINDLE-009,110.0,0,6.6516158336463125,4662.6325067869575,0.7771054177978263,38.37092931179184,CRITICAL,29.0
9,111,TRAIN-SPINDLE-009,111.0,150,7.012961446001908,5147.26186738725,0.857876977897875,37.40322068980658,CRITICAL,28.0
9,112,TRAIN-SPINDLE-009,112.0,0,4.795860836263348,1749.0328061305154,0.29150546768841923,37.10445169699715,CRITICAL,27.0
9,113,TRAIN-SPINDLE-009,113.0,150,4.609578945013196,1447.2022947945793,0.24120038246576322,36.72929878030825,CRITICAL,26.0
9,114,TRAIN-SPINDLE-009,114.0,0,5.086318755965155,2134.1755424708513,0.35569592374514186,36.36864462350393,CRITICAL,25.0
9,115,TRAIN-SPINDLE-009,115.0,150,7.046536628266443,5047.453289162459,0.84124221486041,35.41641821645203,CRITICAL,24.0
9,116,TRAIN-SPINDLE-009,116.0,0,5.168334601142602,2158.7332679478045,0.35978887799130077,35.05149425743449,CRITICAL,23.0
9,117,TRAIN-SPINDLE-009,117.0,150,7.5570734053382544,5714.472177314969,0.9524120295524948,33.99205226020671,CRITICAL,22.0
9,118,TRAIN-SPINDLE-009,118.0,0,4.653289902313954,1279.338772986436,0.21322312883107267,33.767674761286244,CRITICAL,21.0
9,119,TRAIN-SPINDLE-009,119.0,150,4.303452404929158,737.7542144902048,0.12295903574836747,33.505349274440455,CRITICAL,20.0
9,120,TRAIN-SPINDLE-009,120.0,0,7.571791777691882,5620.588862120856,0.936764810353476,32.58522789451343,CRITICAL,19.0
9,121,TRAIN-SPINDLE-009,121.0,150,6.976444670174601,4658.5590973504095,0.7764265162250683,31.69435109997593,CRITICAL,18.0
9,122,TRAIN-SPINDLE-009,122.0,0,7.556690566555353,5462.112182331225,0.9103520303885375,30.799161392233703,CRITICAL,17.0
9,123,TRAIN-SPINDLE-009,123.0,150,7.481288499368226,5281.869853469866,0.8803116422449777,29.807952997349354,CRITICAL,16.0
9,124,TRAIN-SPINDLE-009,124.0,0,5.699201384283537,2534.3985512265076,0.42239975853775125,29.38140413557373,CRITICAL,15.0
9,125,TRAIN-SPINDLE-009,125.0,150,6.670024822366788,3958.6425437182115,0.6597737572863686,28.601861392050413,CRITICAL,14.0
9,126,TRAIN-SPINDLE-009,126.0,0,7.721926859483047,5478.029893628352,0.9130049822713919,27.703332495904817,CRITICAL,13.0
9,127,TRAIN-SPINDLE-009,127.0,150,4.3844968134025395,404.4951572966711,0.06741585954944518,27.492860272793788,CRITICAL,12.0
9,128,TRAIN-SPINDLE-009,128.0,0,7.959149821567118,5750.689252810212,0.958448208801702,26.550359025648635,CRITICAL,11.0
9,129,TRAIN-SPINDLE-009,129.0,150,5.614144329759107,2162.4934215623066,0.3604155702603844,26.05790010962177,CRITICAL,10.0
9,130,TRAIN-SPINDLE-009,130.0,0,7.141160952926279,4416.083937611051,0.7360139896018418,25.328883280472603,CRITICAL,9.0
9,131,TRAIN-SPINDLE-009,131.0,150,6.468257491904466,3352.0524838921447,0.5586754139820241,24.645504000533293,CRITICAL,8.0
9,132,TRAIN-SPINDLE-009,132.0,0,7.12694755182406,4288.834127776086,0.714805687962681,23.936516856715258,CRITICAL,7.0
9,133,TRAIN-SPINDLE-009,133.0,150,7.3853036294389485,4623.194208412067,0.7705323680686779,23.049101244458935,CRITICAL,6.0
9,134,TRAIN-SPINDLE-009,134.0,0,5.943130745117798,2393.3787110111166,0.3988964518351861,22.643425108210625,CRITICAL,5.0
9,135,TRAIN-SPINDLE-009,135.0,150,7.671310042646409,4955.221947085411,0.8258703245142351,21.702477313762838,CRITICAL,4.0
9,136,TRAIN-SPINDLE-009,136.0,0,5.13070727586999,1073.746712337199,0.17895778538953316,21.50790887427405,CRITICAL,3.0
9,137,TRAIN-SPINDLE-009,137.0,150,7.312880794228645,4332.414356913522,0.7220690594855871,20.666467022850625,CRITICAL,2.0
9,138,TRAIN-SPINDLE-009,138.0,0,6.825071570806861,3537.5923829240887,0.5895987304873481,20.07684032978631,CRITICAL,1.0
9,139,TRAIN-SPINDLE-009,139.0,150,6.122925691897988,2440.1515625809557,0.40669192709682594,19.538240078265524,FAILED,0.0
10,1,TRAIN-SPINDLE-010,1.0,150,3.6685536318361485,4752.830447754222,0.7921384079590371,98.72695755078279,HEALTHY,100.0
10,2,TRAIN-SPINDLE-010,2.0,0,2.149916237085506,2379.3961719369677,0.39656602865616125,98.22383573615441,HEALTHY,99.0
10,3,TRAIN-SPINDLE-010,3.0,150,0.7715995924145869,274.1870688334611,0.04569784480557686,97.88486006318023,HEALTHY,98.0
10,4,TRAIN-SPINDLE-010,4.0,0,1.1788336993572297,859.6150537743616,0.14326917562906027,97.6985694095883,HEALTHY,97.0
10,5,TRAIN-SPINDLE-010,5.0,150,4.580166698610086,5947.642753634252,0.9912737922723752,96.17477498279428,HEALTHY,96.0
10,6,TRAIN-SPINDLE-010,6.0,0,3.2162542981782583,3787.489570976958,0.631248261829493,95.37623054482391,HEALTHY,95.0
10,7,TRAIN-SPINDLE-010,7.0,150,2.8271359930853937,3143.921280489884,0.5239868800816473,94.43649972059562,HEALTHY,94.0
10,8,TRAIN-SPINDLE-010,8.0,0,3.96877320675929,4785.8972891836065,0.7976495481972677,93.42852621012693,HEALTHY,93.0
10,9,TRAIN-SPINDLE-010,9.0,150,1.7317833099296926,1354.8144306540592,0.22580240510900987,92.8612351423486,HEALTHY,92.0
10,10,TRAIN-SPINDLE-010,10.0,0,3.8444083016262924,4481.205088115584,0.7468675146859306,91.91598987605528,HEALTHY,91.0
10,11,TRAIN-SPINDLE-010,11.0,150,4.898696556326125,5991.744075193333,0.9986240125322221,90.37973390296334,HEALTHY,90.0
10,12,TRAIN-SPINDLE-010,12.0,0,1.3749141509347635,590.8512691243958,0.09847521152073263,90.24533343660282,HEALTHY,89.0
10,13,TRAIN-SPINDLE-010,13.0,150,4.433656651537369,5168.884985051264,0.8614808308418774,88.87993665736224,HEALTHY,88.0
10,14,TRAIN-SPINDLE-010,14.0,0,1.9332064942308935,1315.8049906485082,0.21930083177475138,88.5933339589697,HEALTHY,87.0
10,15,TRAIN-SPINDLE-010,15.0,150,4.647293860502717,5365.440837676803,0.8942401396128006,87.18596998794068,HEALTHY,86.0
10,16,TRAIN-SPINDLE-010,16.0,0,3.3112680490773947,3255.8498227116434,0.5426416371186072,86.49336498287568,HEALTHY,85.0
10,17,TRAIN-SPINDLE-010,17.0,150,2.579194401902985,2105.7939765701526,0.3509656627616921,85.76537938210369,HEALTHY,84.0
10,18,TRAIN-SPINDLE-010,18.0,0,2.2840674848121223,1608.5046808759598,0.26808411347932665,85.41591325972702,HEALTHY,83.0
10,19,TRAIN-SPINDLE-010,19.0,150,4.207462372369144,4467.387053033242,0.7445645088388737,84.19426001050012,HEALTHY,82.0
10,20,TRAIN-SPINDLE-010,20.0,0,3.559384874928223,3403.646813179843,0.5672744688633071,83.46911398257976,HEALTHY,81.0
10,21,TRAIN-SPINDLE-010,21.0,150,4.088418164127343,4142.810794884495,0.6904684658140826,82.31413137107461,HEALTHY,80.0
10,22,TRAIN-SPINDLE-010,22.0,0,4.469114114031958,4627.231023878533,0.7712051706464222,81.33246334185903,HEALTHY,79.0
10,23,TRAIN-SPINDLE-010,23.0,150,2.495388535643967,1593.0175541053777,0.2655029256842296,80.70863283048429,HEALTHY,78.0
10,24,TRAIN-SPINDLE-010,24.0,0,2.546856724885834,1623.432549615073,0.27057209160251217,80.35320452806886,HEALTHY,77.0
10,25,TRAIN-SPINDLE-010,25.0,150,2.0499025974932907,851.3442358451006,0.14189070597418343,79.88367202912097,DEGRADED,76.0
10,26,TRAIN-SPINDLE-010,26.0,0,3.287767203004255,2672.9262066904553,0.44548770111507585,79.30866269241646,DEGRADED,75.0
10,27,TRAIN-SPINDLE-010,27.0,150,1.6218137607594079,130.87034307034642,0.021811723845057737,78.9889653829581,DEGRADED,74.0
10,28,TRAIN-SPINDLE-010,28.0,0,2.928320328097063,2066.652895867452,0.344442149311242,78.54003236771064,DEGRADED,73.0
10,29,TRAIN-SPINDLE-010,29.0,150,5.043011012640013,5205.018946538318,0.8675031577563863,77.1605047110273,DEGRADED,72.0
10,30,TRAIN-SPINDLE-010,30.0,0,5.554879330203947,5869.356848632968,0.978226141438828,75.91660146498492,DEGRADED,71.0
10,31,TRAIN-SPINDLE-010,31.0,150,5.030423982785376,4989.381084051934,0.8315635140086556,74.58061917259667,DEGRADED,70.0
10,32,TRAIN-SPINDLE-010,32.0,0,2.625456473126458,1281.7311476344373,0.2136218579390729,74.293084135756,DEGRADED,69.0
10,33,TRAIN-SPINDLE-010,33.0,150,4.090338109092125,3457.488473819888,0.5762480789699813,73.27602196858155,DEGRADED,68.0
10,34,TRAIN-SPINDLE-010,34.0,0,5.456310727063762,5430.167738239259,0.9050279563732099,72.12162826072218,DEGRADED,67.0
10,35,TRAIN-SPINDLE-010,35.0,150,5.350142445337107,5184.335787559823,0.8640559645933038,70.74280719392985,DEGRADED,66.0
10,36,TRAIN-SPINDLE-010,36.0,0,3.367614890841523,2107.1328758070226,0.3511888126345038,70.28078242428705,DEGRADED,65.0
10,37,TRAIN-SPINDLE-010,37.0,150,2.4833129089802095,746.0280452918433,0.12433800754864055,69.82757032664358,DEGRADED,64.0
10,38,TRAIN-SPINDLE-010,38.0,0,3.8563439543581333,2771.5837060354684,0.46193061767257804,69.22630426116324,DEGRADED,63.0
10,39,TRAIN-SPINDLE-010,39.0,150,3.0148006514010683,1464.1737966888452,0.24402896611480754,68.62256190857377,DEGRADED,62.0
10,40,TRAIN-SPINDLE-010,40.0,0,5.877223356128349,5712.527177335556,0.9520878628892594,67.40659769091197,DEGRADED,61.0
10,41,TRAIN-SPINDLE-010,41.0,150,6.010659298474647,5821.483774530369,0.9702472957550616,65.89209752028438,DEGRADED,60.0
10,42,TRAIN-SPINDLE-010,42.0,0,2.3572669728846187,227.80777334825663,0.03796796222470944,65.8197150232058,DEGRADED,59.0
10,43,TRAIN-SPINDLE-010,43.0,150,3.5436303859571057,2001.9242056760938,0.333654034279349,65.10178240274426,DEGRADED,58.0
10,44,TRAIN-SPINDLE-010,44.0,0,2.3790433365205,201.1986849865701,0.03353311416442835,65.03451072133652,DEGRADED,57.0
10,45,TRAIN-SPINDLE-010,45.0,150,5.304090836659778,4583.7245590899065,0.7639540931816511,63.77709928667851,DEGRADED,56.0
10,46,TRAIN-SPINDLE-010,46.0,0,2.5046032805988934,290.1873673992281,0.04836456123320468,63.69050283413316,DEGRADED,55.0
10,47,TRAIN-SPINDLE-010,47.0,150,4.81576956345281,3750.4420577392025,0.6250736762898671,62.60631063710494,DEGRADED,54.0
10,48,TRAIN-SPINDLE-010,48.0,0,4.934390685882149,3847.0593266060937,0.641176554434349,61.77643966469517,DEGRADED,53.0
10,49,TRAIN-SPINDLE-010,49.0,150,5.901808589950008,5235.945859777149,0.8726576432961914,60.38102191685764,DEGRADED,52.0
10,50,TRAIN-SPINDLE-010,50.0,0,2.638777677906763,236.7431606244669,0.03945719343741115,60.30367271402322,DEGRADED,51.0
10,51,TRAIN-SPINDLE-010,51.0,150,4.772700430747397,3431.8260996728372,0.5719710166121396,59.28409642130882,DEGRADED,50.0
10,52,TRAIN-SPINDLE-010,52.0,0,5.717038221281923,4771.864563521046,0.795310760586841,58.259272049630304,DEGRADED,49.0
10,53,TRAIN-SPINDLE-010,53.0,150,5.773379861652075,4779.515196200386,0.7965858660333975,56.957170281941075,DEGRADED,48.0
10,54,TRAIN-SPINDLE-010,54.0,0,5.661951693110067,4514.71531081068,0.7524525518017801,55.98472500901218,DEGRADED,47.0
10,55,TRAIN-SPINDLE-010,55.0,150,6.435294057640957,5601.795462137349,0.9336325770228916,54.509664885044856,DEGRADED,46.0
10,56,TRAIN-SPINDLE-010,56.0,0,3.8668003168295098,1638.4253416226288,0.2730708902704381,54.13636387697954,DEGRADED,45.0
10,57,TRAIN-SPINDLE-010,57.0,150,5.347082686602652,3830.8513206774446,0.6384752201129075,53.03000733961422,DEGRADED,44.0
10,58,TRAIN-SPINDLE-010,58.0,0,4.548389652099463,2549.835028620261,0.4249725047700435,52.46558652808763,DEGRADED,43.0
10,59,TRAIN-SPINDLE-010,59.0,150,5.715569336832777,4258.272994855738,0.7097121658092896,51.269051288859934,DEGRADED,42.0
10,60,TRAIN-SPINDLE-010,60.0,0,6.702192796720313,5648.468041744965,0.9414113402908275,50.056696533552476,DEGRADED,41.0
10,61,TRAIN-SPINDLE-010,61.0,150,6.000633520082524,4505.202520140222,0.750867086690037,48.80725100656647,CRITICAL,40.0
10,62,TRAIN-SPINDLE-010,62.0,0,3.315102362788272,383.1973696748923,0.06386622827914872,48.692811907084526,CRITICAL,39.0
10,63,TRAIN-SPINDLE-010,63.0,150,5.451361824399294,3579.003629630281,0.5965006049383802,47.63597382943753,CRITICAL,38.0
10,64,TRAIN-SPINDLE-010,64.0,0,6.772753467137152,5481.828237913543,0.9136380396522571,46.45636631905323,CRITICAL,37.0
10,65,TRAIN-SPINDLE-010,65.0,150,6.809185138949099,5448.00518235264,0.9080008637254401,45.00805333068192,CRITICAL,36.0
10,66,TRAIN-SPINDLE-010,66.0,0,3.746072515711618,744.7127733685711,0.12411879556142852,44.8159979758417,CRITICAL,35.0
10,67,TRAIN-SPINDLE-010,67.0,150,3.4418315730013225,273.9472076901106,0.04565786794835176,44.44701917840053,CRITICAL,34.0
10,68,TRAIN-SPINDLE-010,68.0,0,3.884808712121068,910.7395065616419,0.15178991776027365,44.21998450283266,CRITICAL,33.0
10,69,TRAIN-SPINDLE-010,69.0,150,5.625949818064614,3505.4235648093686,0.5842372608015615,43.175991807530444,CRITICAL,32.0
10,70,TRAIN-SPINDLE-010,70.0,0,3.6639503855400997,484.12496387493263,0.08068749397915544,43.03731193090379,CRITICAL,31.0
10,71,TRAIN-SPINDLE-010,71.0,150,6.546576290115976,4797.662829991747,0.7996104716652911,41.722855667406016,CRITICAL,30.0
10,72,TRAIN-SPINDLE-010,72.0,0,4.076126459198292,993.4038638528901,0.16556731064214836,41.47702913090775,CRITICAL,29.0
10,73,TRAIN-SPINDLE-010,73.0,150,6.342124938206828,4373.964592128324,0.728994098688054,40.25015602306006,CRITICAL,28.0
10,74,TRAIN-SPINDLE-010,74.0,0,5.671499679390996,3276.011220815997,0.5460018701359995,39.52693033202631,CRITICAL,27.0
10,75,TRAIN-SPINDLE-010,75.0,150,6.991136578524596,5201.224642688867,0.8668707737814778,38.126241742450475,CRITICAL,26.0
10,76,TRAIN-SPINDLE-010,76.0,0,3.935676192939238,512.982420092642,0.08549707001544034,37.97869535661359,CRITICAL,25.0
10,77,TRAIN-SPINDLE-010,77.0,150,3.887613047747906,429.82172336787823,0.07163695389464637,37.57332512427588,CRITICAL,24.0
10,78,TRAIN-SPINDLE-010,78.0,0,5.5521686480799515,2896.2523564406188,0.48270872607343646,36.927880484117,CRITICAL,23.0
10,79,TRAIN-SPINDLE-010,79.0,150,7.296973029588504,5465.050580691531,0.9108417634485885,35.470646911712514,CRITICAL,22.0
10,80,TRAIN-SPINDLE-010,80.0,0,4.6328728826219105,1359.6078423113056,0.22660130705188425,35.144844885932464,CRITICAL,21.0
10,81,TRAIN-SPINDLE-010,81.0,150,6.733398398100654,4485.960963595914,0.7476601605993191,33.891025605782836,CRITICAL,20.0
10,82,TRAIN-SPINDLE-010,82.0,0,4.684720916893523,1318.9082957739977,0.21981804929566628,33.57283209731992,CRITICAL,19.0
10,83,TRAIN-SPINDLE-010,83.0,150,6.769106626952981,4421.622347728466,0.7369370579547443,32.33156106037509,CRITICAL,18.0
10,84,TRAIN-SPINDLE-010,84.0,0,5.207998209446601,1986.8643936980334,0.3311440656163389,31.873031900172016,CRITICAL,17.0
10,85,TRAIN-SPINDLE-010,85.0,150,4.334247706349261,641.8489520367925,0.10697482533946542,31.41995818220986,CRITICAL,16.0
10,86,TRAIN-SPINDLE-010,86.0,0,4.983155860931774,1581.2306550633994,0.2635384425105666,31.045605630324147,CRITICAL,15.0
10,87,TRAIN-SPINDLE-010,87.0,150,5.8795589777336845,2897.7588888748373,0.4829598148124729,30.121069837826795,CRITICAL,14.0
10,88,TRAIN-SPINDLE-010,88.0,0,5.329401525795658,2003.1825265304976,0.3338637544217496,29.657889854118103,CRITICAL,13.0
10,89,TRAIN-SPINDLE-010,89.0,150,5.057825753666934,1561.0803695592606,0.2601800615932101,29.011649419887274,CRITICAL,12.0
10,90,TRAIN-SPINDLE-010,90.0,0,4.885455574673784,1254.0570685022228,0.20900951141703714,28.70425008800856,CRITICAL,11.0
10,91,TRAIN-SPINDLE-010,91.0,150,7.085444111182007,4530.984923373651,0.7551641538956085,27.437406357303246,CRITICAL,10.0
10,92,TRAIN-SPINDLE-010,92.0,0,6.666376821515307,3807.3707090707044,0.6345617848451174,26.596031761881203,CRITICAL,9.0
10,93,TRAIN-SPINDLE-010,93.0,150,7.978103715483515,5711.857955366362,0.9519763258943936,25.081455064894246,CRITICAL,8.0
10,94,TRAIN-SPINDLE-010,94.0,0,6.63529774765473,3584.055751349163,0.5973426252248605,24.28537919740696,CRITICAL,7.0
10,95,TRAIN-SPINDLE-010,95.0,150,5.417373240914237,1697.4633011768792,0.2829105501961465,23.607641102082543,CRITICAL,6.0
10,96,TRAIN-SPINDLE-010,96.0,0,4.512294180711994,289.01435372418103,0.048169058954030175,23.498685739975045,CRITICAL,5.0
10,97,TRAIN-SPINDLE-010,97.0,150,5.102087029910791,1165.531975364315,0.19425532922738584,22.93156337642876,CRITICAL,4.0
10,98,TRAIN-SPINDLE-010,98.0,0,7.526484386193369,4759.5938325222105,0.7932656387537017,21.88884494157533,CRITICAL,3.0
10,99,TRAIN-SPINDLE-010,99.0,150,6.310835237265694,2857.916226516691,0.47631937108611516,20.967475019907063,CRITICAL,2.0
10,100,TRAIN-SPINDLE-010,100.0,0,6.1076722878325365,2484.069058241834,0.4140115097069723,20.398743094063608,CRITICAL,1.0
10,101,TRAIN-SPINDLE-010,101.0,150,5.903643062375076,2135.3703256173853,0.35589505426956425,19.627390240983395,FAILED,0.0
